cue_id,image_path,pair,direction,bucket_key,content_class,texture_class,content_class_idx,texture_class_idx,content_id,style_id,ssim,pixel_std,degenerate
cueconflict-test-5294-test-2590-A_shape_B_texture,images/cueconflict-test-5294-test-2590-A_shape_B_texture.png,cat-truck,A_shape_B_texture,cat-truck:A_shape_B_texture,cat,truck,3,9,test-5294,test-2590,0.4194371252627057,0.2264485657215118,False
cueconflict-test-4609-test-3108-A_shape_B_texture,images/cueconflict-test-4609-test-3108-A_shape_B_texture.png,cat-truck,A_shape_B_texture,cat-truck:A_shape_B_texture,cat,truck,3,9,test-4609,test-3108,0.4694621162947965,0.1505369991064071,False
cueconflict-test-4608-test-4965-A_shape_B_texture,images/cueconflict-test-4608-test-4965-A_shape_B_texture.png,cat-truck,A_shape_B_texture,cat-truck:A_shape_B_texture,cat,truck,3,9,test-4608,test-4965,0.4644617608776329,0.2013897001743316,False
cueconflict-test-2890-test-3942-A_shape_B_texture,images/cueconflict-test-2890-test-3942-A_shape_B_texture.png,cat-truck,A_shape_B_texture,cat-truck:A_shape_B_texture,cat,truck,3,9,test-2890,test-3942,0.4289009510274896,0.1800507158041,False
cueconflict-test-2031-test-3871-A_shape_B_texture,images/cueconflict-test-2031-test-3871-A_shape_B_texture.png,cat-truck,A_shape_B_texture,cat-truck:A_shape_B_texture,cat,truck,3,9,test-2031,test-3871,0.3640420040475416,0.2157014906406402,False
cueconflict-test-6204-test-7767-A_shape_B_texture,images/cueconflict-test-6204-test-7767-A_shape_B_texture.png,cat-truck,A_shape_B_texture,cat-truck:A_shape_B_texture,cat,truck,3,9,test-6204,test-7767,0.4567021807923212,0.1437647193670272,False
cueconflict-test-4609-test-5801-A_shape_B_texture,images/cueconflict-test-4609-test-5801-A_shape_B_texture.png,cat-truck,A_shape_B_texture,cat-truck:A_shape_B_texture,cat,truck,3,9,test-4609,test-5801,0.3531752494289338,0.1570425033569336,False
cueconflict-test-3373-test-4342-A_shape_B_texture,images/cueconflict-test-3373-test-4342-A_shape_B_texture.png,cat-truck,A_shape_B_texture,cat-truck:A_shape_B_texture,cat,truck,3,9,test-3373,test-4342,0.4905644021275865,0.1729723960161209,False
cueconflict-test-5079-test-4965-A_shape_B_texture,images/cueconflict-test-5079-test-4965-A_shape_B_texture.png,cat-truck,A_shape_B_texture,cat-truck:A_shape_B_texture,cat,truck,3,9,test-5079,test-4965,0.2888540125583362,0.2187597155570984,False
cueconflict-test-536-test-4965-A_shape_B_texture,images/cueconflict-test-536-test-4965-A_shape_B_texture.png,cat-truck,A_shape_B_texture,cat-truck:A_shape_B_texture,cat,truck,3,9,test-536,test-4965,0.4725774368195082,0.2063790410757064,False
cueconflict-test-7614-test-1893-A_shape_B_texture,images/cueconflict-test-7614-test-1893-A_shape_B_texture.png,cat-truck,A_shape_B_texture,cat-truck:A_shape_B_texture,cat,truck,3,9,test-7614,test-1893,0.5002547229039045,0.1737291663885116,False
cueconflict-test-5079-test-3369-A_shape_B_texture,images/cueconflict-test-5079-test-3369-A_shape_B_texture.png,cat-truck,A_shape_B_texture,cat-truck:A_shape_B_texture,cat,truck,3,9,test-5079,test-3369,0.2747714930619789,0.1818330585956573,False
cueconflict-test-4313-test-5447-A_shape_B_texture,images/cueconflict-test-4313-test-5447-A_shape_B_texture.png,cat-truck,A_shape_B_texture,cat-truck:A_shape_B_texture,cat,truck,3,9,test-4313,test-5447,0.4268168731798493,0.1293906569480896,False
cueconflict-test-1038-test-4129-A_shape_B_texture,images/cueconflict-test-1038-test-4129-A_shape_B_texture.png,cat-truck,A_shape_B_texture,cat-truck:A_shape_B_texture,cat,truck,3,9,test-1038,test-4129,0.3358702083244677,0.149919107556343,False
cueconflict-test-3697-test-3871-A_shape_B_texture,images/cueconflict-test-3697-test-3871-A_shape_B_texture.png,cat-truck,A_shape_B_texture,cat-truck:A_shape_B_texture,cat,truck,3,9,test-3697,test-3871,0.3495097401753106,0.2083093971014022,False
cueconflict-test-6718-test-4581-A_shape_B_texture,images/cueconflict-test-6718-test-4581-A_shape_B_texture.png,cat-truck,A_shape_B_texture,cat-truck:A_shape_B_texture,cat,truck,3,9,test-6718,test-4581,0.3751559578076561,0.2048975229263305,False
cueconflict-test-6204-test-7193-A_shape_B_texture,images/cueconflict-test-6204-test-7193-A_shape_B_texture.png,cat-truck,A_shape_B_texture,cat-truck:A_shape_B_texture,cat,truck,3,9,test-6204,test-7193,0.4336620558757016,0.1664728224277496,False
cueconflict-test-4198-test-1165-A_shape_B_texture,images/cueconflict-test-4198-test-1165-A_shape_B_texture.png,cat-truck,A_shape_B_texture,cat-truck:A_shape_B_texture,cat,truck,3,9,test-4198,test-1165,0.3443679301659604,0.1444046050310135,False
cueconflict-test-6718-test-4129-A_shape_B_texture,images/cueconflict-test-6718-test-4129-A_shape_B_texture.png,cat-truck,A_shape_B_texture,cat-truck:A_shape_B_texture,cat,truck,3,9,test-6718,test-4129,0.3394955131737805,0.1546373814344406,False
cueconflict-test-7110-test-3789-A_shape_B_texture,images/cueconflict-test-7110-test-3789-A_shape_B_texture.png,cat-truck,A_shape_B_texture,cat-truck:A_shape_B_texture,cat,truck,3,9,test-7110,test-3789,0.3728565550439004,0.1910692304372787,False
cueconflict-test-6490-test-6121-A_shape_B_texture,images/cueconflict-test-6490-test-6121-A_shape_B_texture.png,cat-truck,A_shape_B_texture,cat-truck:A_shape_B_texture,cat,truck,3,9,test-6490,test-6121,0.598885174252409,0.2527393400669098,False
cueconflict-test-2560-test-4342-A_shape_B_texture,images/cueconflict-test-2560-test-4342-A_shape_B_texture.png,cat-truck,A_shape_B_texture,cat-truck:A_shape_B_texture,cat,truck,3,9,test-2560,test-4342,0.4009969471126107,0.1776104122400283,False
cueconflict-test-3911-test-4129-A_shape_B_texture,images/cueconflict-test-3911-test-4129-A_shape_B_texture.png,cat-truck,A_shape_B_texture,cat-truck:A_shape_B_texture,cat,truck,3,9,test-3911,test-4129,0.4313323025644008,0.1210548877716064,False
cueconflict-test-5720-test-1893-A_shape_B_texture,images/cueconflict-test-5720-test-1893-A_shape_B_texture.png,cat-truck,A_shape_B_texture,cat-truck:A_shape_B_texture,cat,truck,3,9,test-5720,test-1893,0.343682108169424,0.1698939949274063,False
cueconflict-test-7797-test-5392-A_shape_B_texture,images/cueconflict-test-7797-test-5392-A_shape_B_texture.png,cat-truck,A_shape_B_texture,cat-truck:A_shape_B_texture,cat,truck,3,9,test-7797,test-5392,0.3140000514300624,0.1579817086458206,False
cueconflict-test-127-test-4930-A_shape_B_texture,images/cueconflict-test-127-test-4930-A_shape_B_texture.png,cat-truck,A_shape_B_texture,cat-truck:A_shape_B_texture,cat,truck,3,9,test-127,test-4930,0.466897604173333,0.1810405254364013,False
cueconflict-test-6812-test-3789-A_shape_B_texture,images/cueconflict-test-6812-test-3789-A_shape_B_texture.png,cat-truck,A_shape_B_texture,cat-truck:A_shape_B_texture,cat,truck,3,9,test-6812,test-3789,0.3985711304960018,0.1862444132566452,False
cueconflict-test-5720-test-1651-A_shape_B_texture,images/cueconflict-test-5720-test-1651-A_shape_B_texture.png,cat-truck,A_shape_B_texture,cat-truck:A_shape_B_texture,cat,truck,3,9,test-5720,test-1651,0.4495180122735306,0.1143024638295173,False
cueconflict-test-632-test-966-A_shape_B_texture,images/cueconflict-test-632-test-966-A_shape_B_texture.png,cat-truck,A_shape_B_texture,cat-truck:A_shape_B_texture,cat,truck,3,9,test-632,test-966,0.1966638283369777,0.1980616450309753,False
cueconflict-test-536-test-7486-A_shape_B_texture,images/cueconflict-test-536-test-7486-A_shape_B_texture.png,cat-truck,A_shape_B_texture,cat-truck:A_shape_B_texture,cat,truck,3,9,test-536,test-7486,0.5347595365360921,0.1573094427585601,False
cueconflict-test-7830-test-1573-B_shape_A_texture,images/cueconflict-test-7830-test-1573-B_shape_A_texture.png,cat-truck,B_shape_A_texture,cat-truck:B_shape_A_texture,truck,cat,9,3,test-7830,test-1573,0.3379854951159513,0.1265342086553573,False
cueconflict-test-1959-test-6718-B_shape_A_texture,images/cueconflict-test-1959-test-6718-B_shape_A_texture.png,cat-truck,B_shape_A_texture,cat-truck:B_shape_A_texture,truck,cat,9,3,test-1959,test-6718,0.3028226350027993,0.1908897012472152,False
cueconflict-test-3871-test-127-B_shape_A_texture,images/cueconflict-test-3871-test-127-B_shape_A_texture.png,cat-truck,B_shape_A_texture,cat-truck:B_shape_A_texture,truck,cat,9,3,test-3871,test-127,0.3739228053324546,0.2222995311021804,False
cueconflict-test-1651-test-2031-B_shape_A_texture,images/cueconflict-test-1651-test-2031-B_shape_A_texture.png,cat-truck,B_shape_A_texture,cat-truck:B_shape_A_texture,truck,cat,9,3,test-1651,test-2031,0.5107243089807637,0.1875661313533783,False
cueconflict-test-3733-test-3911-B_shape_A_texture,images/cueconflict-test-3733-test-3911-B_shape_A_texture.png,cat-truck,B_shape_A_texture,cat-truck:B_shape_A_texture,truck,cat,9,3,test-3733,test-3911,0.2387429833509157,0.0717135816812515,False
cueconflict-test-3612-test-6204-B_shape_A_texture,images/cueconflict-test-3612-test-6204-B_shape_A_texture.png,cat-truck,B_shape_A_texture,cat-truck:B_shape_A_texture,truck,cat,9,3,test-3612,test-6204,0.2694512041510454,0.1515925228595733,False
cueconflict-test-6937-test-127-B_shape_A_texture,images/cueconflict-test-6937-test-127-B_shape_A_texture.png,cat-truck,B_shape_A_texture,cat-truck:B_shape_A_texture,truck,cat,9,3,test-6937,test-127,0.3878661595768134,0.2421775907278061,False
cueconflict-test-3369-test-1647-B_shape_A_texture,images/cueconflict-test-3369-test-1647-B_shape_A_texture.png,cat-truck,B_shape_A_texture,cat-truck:B_shape_A_texture,truck,cat,9,3,test-3369,test-1647,0.2868255471255185,0.0999461337924003,False
cueconflict-test-7197-test-3697-B_shape_A_texture,images/cueconflict-test-7197-test-3697-B_shape_A_texture.png,cat-truck,B_shape_A_texture,cat-truck:B_shape_A_texture,truck,cat,9,3,test-7197,test-3697,0.3964901803100858,0.1965537071228027,False
cueconflict-test-1893-test-2066-B_shape_A_texture,images/cueconflict-test-1893-test-2066-B_shape_A_texture.png,cat-truck,B_shape_A_texture,cat-truck:B_shape_A_texture,truck,cat,9,3,test-1893,test-2066,0.2536910038034146,0.0876906588673591,False
cueconflict-test-5392-test-2031-B_shape_A_texture,images/cueconflict-test-5392-test-2031-B_shape_A_texture.png,cat-truck,B_shape_A_texture,cat-truck:B_shape_A_texture,truck,cat,9,3,test-5392,test-2031,0.4891467869625706,0.1498525589704513,False
cueconflict-test-3102-test-856-B_shape_A_texture,images/cueconflict-test-3102-test-856-B_shape_A_texture.png,cat-truck,B_shape_A_texture,cat-truck:B_shape_A_texture,truck,cat,9,3,test-3102,test-856,0.3719226002182226,0.16092149913311,False
cueconflict-test-3108-test-4972-B_shape_A_texture,images/cueconflict-test-3108-test-4972-B_shape_A_texture.png,cat-truck,B_shape_A_texture,cat-truck:B_shape_A_texture,truck,cat,9,3,test-3108,test-4972,0.2857080056730748,0.1620220988988876,False
cueconflict-test-4129-test-1038-B_shape_A_texture,images/cueconflict-test-4129-test-1038-B_shape_A_texture.png,cat-truck,B_shape_A_texture,cat-truck:B_shape_A_texture,truck,cat,9,3,test-4129,test-1038,0.2791598031491946,0.1286664307117462,False
cueconflict-test-3369-test-3383-B_shape_A_texture,images/cueconflict-test-3369-test-3383-B_shape_A_texture.png,cat-truck,B_shape_A_texture,cat-truck:B_shape_A_texture,truck,cat,9,3,test-3369,test-3383,0.3151717123522745,0.1346854418516159,False
cueconflict-test-3871-test-1409-B_shape_A_texture,images/cueconflict-test-3871-test-1409-B_shape_A_texture.png,cat-truck,B_shape_A_texture,cat-truck:B_shape_A_texture,truck,cat,9,3,test-3871,test-1409,0.4570057894752,0.1718254536390304,False
cueconflict-test-3369-test-4198-B_shape_A_texture,images/cueconflict-test-3369-test-4198-B_shape_A_texture.png,cat-truck,B_shape_A_texture,cat-truck:B_shape_A_texture,truck,cat,9,3,test-3369,test-4198,0.2921001443206382,0.0972214713692665,False
cueconflict-test-5364-test-7797-B_shape_A_texture,images/cueconflict-test-5364-test-7797-B_shape_A_texture.png,cat-truck,B_shape_A_texture,cat-truck:B_shape_A_texture,truck,cat,9,3,test-5364,test-7797,0.3866789184884125,0.1905882209539413,False
cueconflict-test-3369-test-7797-B_shape_A_texture,images/cueconflict-test-3369-test-7797-B_shape_A_texture.png,cat-truck,B_shape_A_texture,cat-truck:B_shape_A_texture,truck,cat,9,3,test-3369,test-7797,0.2689682759205202,0.1775949299335479,False
cueconflict-test-3102-test-3338-B_shape_A_texture,images/cueconflict-test-3102-test-3338-B_shape_A_texture.png,cat-truck,B_shape_A_texture,cat-truck:B_shape_A_texture,truck,cat,9,3,test-3102,test-3338,0.3536883894170511,0.1082441955804824,False
cueconflict-test-3942-test-2560-B_shape_A_texture,images/cueconflict-test-3942-test-2560-B_shape_A_texture.png,cat-truck,B_shape_A_texture,cat-truck:B_shape_A_texture,truck,cat,9,3,test-3942,test-2560,0.4239086680706317,0.1460124105215072,False
cueconflict-test-7830-test-4313-B_shape_A_texture,images/cueconflict-test-7830-test-4313-B_shape_A_texture.png,cat-truck,B_shape_A_texture,cat-truck:B_shape_A_texture,truck,cat,9,3,test-7830,test-4313,0.3889895168462838,0.1953706592321396,False
cueconflict-test-4342-test-6976-B_shape_A_texture,images/cueconflict-test-4342-test-6976-B_shape_A_texture.png,cat-truck,B_shape_A_texture,cat-truck:B_shape_A_texture,truck,cat,9,3,test-4342,test-6976,0.3550712961414034,0.0791718587279319,False
cueconflict-test-6937-test-7797-B_shape_A_texture,images/cueconflict-test-6937-test-7797-B_shape_A_texture.png,cat-truck,B_shape_A_texture,cat-truck:B_shape_A_texture,truck,cat,9,3,test-6937,test-7797,0.3711335116164694,0.2169855684041977,False
cueconflict-test-1165-test-6976-B_shape_A_texture,images/cueconflict-test-1165-test-6976-B_shape_A_texture.png,cat-truck,B_shape_A_texture,cat-truck:B_shape_A_texture,truck,cat,9,3,test-1165,test-6976,0.2970390765152882,0.1081335991621017,False
cueconflict-test-4129-test-2890-B_shape_A_texture,images/cueconflict-test-4129-test-2890-B_shape_A_texture.png,cat-truck,B_shape_A_texture,cat-truck:B_shape_A_texture,truck,cat,9,3,test-4129,test-2890,0.3128836068241459,0.2168533354997635,False
cueconflict-test-1651-test-2560-B_shape_A_texture,images/cueconflict-test-1651-test-2560-B_shape_A_texture.png,cat-truck,B_shape_A_texture,cat-truck:B_shape_A_texture,truck,cat,9,3,test-1651,test-2560,0.5314793737327267,0.1644974797964096,False
cueconflict-test-2319-test-6718-B_shape_A_texture,images/cueconflict-test-2319-test-6718-B_shape_A_texture.png,cat-truck,B_shape_A_texture,cat-truck:B_shape_A_texture,truck,cat,9,3,test-2319,test-6718,0.3393969266758042,0.2102172374725341,False
cueconflict-test-6283-test-5294-B_shape_A_texture,images/cueconflict-test-6283-test-5294-B_shape_A_texture.png,cat-truck,B_shape_A_texture,cat-truck:B_shape_A_texture,truck,cat,9,3,test-6283,test-5294,0.3923989952141501,0.1688697189092636,False
cueconflict-test-2319-test-4782-B_shape_A_texture,images/cueconflict-test-2319-test-4782-B_shape_A_texture.png,cat-truck,B_shape_A_texture,cat-truck:B_shape_A_texture,truck,cat,9,3,test-2319,test-4782,0.4168177882640411,0.1748279482126236,False
cueconflict-test-7059-test-942-A_shape_B_texture,images/cueconflict-test-7059-test-942-A_shape_B_texture.png,bird-ship,A_shape_B_texture,bird-ship:A_shape_B_texture,bird,ship,1,8,test-7059,test-942,0.4727526546618444,0.1311606466770172,False
cueconflict-test-2169-test-5862-A_shape_B_texture,images/cueconflict-test-2169-test-5862-A_shape_B_texture.png,bird-ship,A_shape_B_texture,bird-ship:A_shape_B_texture,bird,ship,1,8,test-2169,test-5862,0.3821923333016803,0.1697404235601425,False
cueconflict-test-450-test-3107-A_shape_B_texture,images/cueconflict-test-450-test-3107-A_shape_B_texture.png,bird-ship,A_shape_B_texture,bird-ship:A_shape_B_texture,bird,ship,1,8,test-450,test-3107,0.4975121664825418,0.1681001633405685,False
cueconflict-test-4287-test-7817-A_shape_B_texture,images/cueconflict-test-4287-test-7817-A_shape_B_texture.png,bird-ship,A_shape_B_texture,bird-ship:A_shape_B_texture,bird,ship,1,8,test-4287,test-7817,0.5163278824336407,0.2139436155557632,False
cueconflict-test-7190-test-1255-A_shape_B_texture,images/cueconflict-test-7190-test-1255-A_shape_B_texture.png,bird-ship,A_shape_B_texture,bird-ship:A_shape_B_texture,bird,ship,1,8,test-7190,test-1255,0.3979265680242117,0.168709248304367,False
cueconflict-test-1736-test-539-A_shape_B_texture,images/cueconflict-test-1736-test-539-A_shape_B_texture.png,bird-ship,A_shape_B_texture,bird-ship:A_shape_B_texture,bird,ship,1,8,test-1736,test-539,0.2730935410724493,0.1666324436664581,False
cueconflict-test-7190-test-4058-A_shape_B_texture,images/cueconflict-test-7190-test-4058-A_shape_B_texture.png,bird-ship,A_shape_B_texture,bird-ship:A_shape_B_texture,bird,ship,1,8,test-7190,test-4058,0.4293363690254616,0.170704498887062,False
cueconflict-test-140-test-240-A_shape_B_texture,images/cueconflict-test-140-test-240-A_shape_B_texture.png,bird-ship,A_shape_B_texture,bird-ship:A_shape_B_texture,bird,ship,1,8,test-140,test-240,0.6476401039003914,0.1229191049933433,False
cueconflict-test-5265-test-1255-A_shape_B_texture,images/cueconflict-test-5265-test-1255-A_shape_B_texture.png,bird-ship,A_shape_B_texture,bird-ship:A_shape_B_texture,bird,ship,1,8,test-5265,test-1255,0.2222172775232164,0.151726022362709,False
cueconflict-test-289-test-688-A_shape_B_texture,images/cueconflict-test-289-test-688-A_shape_B_texture.png,bird-ship,A_shape_B_texture,bird-ship:A_shape_B_texture,bird,ship,1,8,test-289,test-688,0.4309196319405268,0.2077956348657608,False
cueconflict-test-7190-test-494-A_shape_B_texture,images/cueconflict-test-7190-test-494-A_shape_B_texture.png,bird-ship,A_shape_B_texture,bird-ship:A_shape_B_texture,bird,ship,1,8,test-7190,test-494,0.5016371529034956,0.1601317673921585,False
cueconflict-test-7059-test-6832-A_shape_B_texture,images/cueconflict-test-7059-test-6832-A_shape_B_texture.png,bird-ship,A_shape_B_texture,bird-ship:A_shape_B_texture,bird,ship,1,8,test-7059,test-6832,0.5069178013704093,0.2058330029249191,False
cueconflict-test-5636-test-5689-A_shape_B_texture,images/cueconflict-test-5636-test-5689-A_shape_B_texture.png,bird-ship,A_shape_B_texture,bird-ship:A_shape_B_texture,bird,ship,1,8,test-5636,test-5689,0.5830539640159643,0.165238469839096,False
cueconflict-test-4828-test-2487-A_shape_B_texture,images/cueconflict-test-4828-test-2487-A_shape_B_texture.png,bird-ship,A_shape_B_texture,bird-ship:A_shape_B_texture,bird,ship,1,8,test-4828,test-2487,0.6495983270635974,0.1592016965150833,False
cueconflict-test-3873-test-1683-A_shape_B_texture,images/cueconflict-test-3873-test-1683-A_shape_B_texture.png,bird-ship,A_shape_B_texture,bird-ship:A_shape_B_texture,bird,ship,1,8,test-3873,test-1683,0.5362798537532999,0.201489970088005,False
cueconflict-test-5636-test-3290-A_shape_B_texture,images/cueconflict-test-5636-test-3290-A_shape_B_texture.png,bird-ship,A_shape_B_texture,bird-ship:A_shape_B_texture,bird,ship,1,8,test-5636,test-3290,0.5842192396861194,0.1764744520187378,False
cueconflict-test-4987-test-1255-A_shape_B_texture,images/cueconflict-test-4987-test-1255-A_shape_B_texture.png,bird-ship,A_shape_B_texture,bird-ship:A_shape_B_texture,bird,ship,1,8,test-4987,test-1255,0.471701563673205,0.1649309396743774,False
cueconflict-test-3079-test-2418-A_shape_B_texture,images/cueconflict-test-3079-test-2418-A_shape_B_texture.png,bird-ship,A_shape_B_texture,bird-ship:A_shape_B_texture,bird,ship,1,8,test-3079,test-2418,0.4049067890800822,0.1691350489854812,False
cueconflict-test-2122-test-2059-A_shape_B_texture,images/cueconflict-test-2122-test-2059-A_shape_B_texture.png,bird-ship,A_shape_B_texture,bird-ship:A_shape_B_texture,bird,ship,1,8,test-2122,test-2059,0.493742959836147,0.170223593711853,False
cueconflict-test-47-test-3290-A_shape_B_texture,images/cueconflict-test-47-test-3290-A_shape_B_texture.png,bird-ship,A_shape_B_texture,bird-ship:A_shape_B_texture,bird,ship,1,8,test-47,test-3290,0.4679443683193021,0.2080227434635162,False
cueconflict-test-3079-test-4031-A_shape_B_texture,images/cueconflict-test-3079-test-4031-A_shape_B_texture.png,bird-ship,A_shape_B_texture,bird-ship:A_shape_B_texture,bird,ship,1,8,test-3079,test-4031,0.3647617354412797,0.170434683561325,False
cueconflict-test-6733-test-6643-A_shape_B_texture,images/cueconflict-test-6733-test-6643-A_shape_B_texture.png,bird-ship,A_shape_B_texture,bird-ship:A_shape_B_texture,bird,ship,1,8,test-6733,test-6643,0.3163355893692897,0.102700725197792,False
cueconflict-test-3079-test-5231-A_shape_B_texture,images/cueconflict-test-3079-test-5231-A_shape_B_texture.png,bird-ship,A_shape_B_texture,bird-ship:A_shape_B_texture,bird,ship,1,8,test-3079,test-5231,0.4018941756789272,0.1571948826313018,False
cueconflict-test-1772-test-3403-A_shape_B_texture,images/cueconflict-test-1772-test-3403-A_shape_B_texture.png,bird-ship,A_shape_B_texture,bird-ship:A_shape_B_texture,bird,ship,1,8,test-1772,test-3403,0.5062786704045934,0.2390891164541244,False
cueconflict-test-764-test-6012-A_shape_B_texture,images/cueconflict-test-764-test-6012-A_shape_B_texture.png,bird-ship,A_shape_B_texture,bird-ship:A_shape_B_texture,bird,ship,1,8,test-764,test-6012,0.521524916038885,0.1856740713119506,False
cueconflict-test-4287-test-1255-A_shape_B_texture,images/cueconflict-test-4287-test-1255-A_shape_B_texture.png,bird-ship,A_shape_B_texture,bird-ship:A_shape_B_texture,bird,ship,1,8,test-4287,test-1255,0.4466775324720545,0.1860321164131164,False
cueconflict-test-7059-test-4031-A_shape_B_texture,images/cueconflict-test-7059-test-4031-A_shape_B_texture.png,bird-ship,A_shape_B_texture,bird-ship:A_shape_B_texture,bird,ship,1,8,test-7059,test-4031,0.4258401461147894,0.1847325265407562,False
cueconflict-test-3643-test-789-A_shape_B_texture,images/cueconflict-test-3643-test-789-A_shape_B_texture.png,bird-ship,A_shape_B_texture,bird-ship:A_shape_B_texture,bird,ship,1,8,test-3643,test-789,0.2742019846279715,0.1612364202737808,False
cueconflict-test-2122-test-2238-A_shape_B_texture,images/cueconflict-test-2122-test-2238-A_shape_B_texture.png,bird-ship,A_shape_B_texture,bird-ship:A_shape_B_texture,bird,ship,1,8,test-2122,test-2238,0.6871131103819144,0.1646460145711898,False
cueconflict-test-3053-test-2238-A_shape_B_texture,images/cueconflict-test-3053-test-2238-A_shape_B_texture.png,bird-ship,A_shape_B_texture,bird-ship:A_shape_B_texture,bird,ship,1,8,test-3053,test-2238,0.3002525564252243,0.1415280997753143,False
cueconflict-test-526-test-5897-B_shape_A_texture,images/cueconflict-test-526-test-5897-B_shape_A_texture.png,bird-ship,B_shape_A_texture,bird-ship:B_shape_A_texture,ship,bird,8,1,test-526,test-5897,0.3107892093283336,0.1326226145029068,False
cueconflict-test-942-test-140-B_shape_A_texture,images/cueconflict-test-942-test-140-B_shape_A_texture.png,bird-ship,B_shape_A_texture,bird-ship:B_shape_A_texture,ship,bird,8,1,test-942,test-140,0.6255920768785758,0.1128658279776573,False
cueconflict-test-4058-test-3299-B_shape_A_texture,images/cueconflict-test-4058-test-3299-B_shape_A_texture.png,bird-ship,B_shape_A_texture,bird-ship:B_shape_A_texture,ship,bird,8,1,test-4058,test-3299,0.4574952281097446,0.1814934313297271,False
cueconflict-test-3818-test-3263-B_shape_A_texture,images/cueconflict-test-3818-test-3263-B_shape_A_texture.png,bird-ship,B_shape_A_texture,bird-ship:B_shape_A_texture,ship,bird,8,1,test-3818,test-3263,0.4400606796652729,0.2320238351821899,False
cueconflict-test-789-test-764-B_shape_A_texture,images/cueconflict-test-789-test-764-B_shape_A_texture.png,bird-ship,B_shape_A_texture,bird-ship:B_shape_A_texture,ship,bird,8,1,test-789,test-764,0.6103164249375242,0.1595145165920257,False
cueconflict-test-3608-test-5316-B_shape_A_texture,images/cueconflict-test-3608-test-5316-B_shape_A_texture.png,bird-ship,B_shape_A_texture,bird-ship:B_shape_A_texture,ship,bird,8,1,test-3608,test-5316,0.2687909815414902,0.132040336728096,False
cueconflict-test-2342-test-6733-B_shape_A_texture,images/cueconflict-test-2342-test-6733-B_shape_A_texture.png,bird-ship,B_shape_A_texture,bird-ship:B_shape_A_texture,ship,bird,8,1,test-2342,test-6733,0.4497675186685843,0.1437530815601349,False
cueconflict-test-2188-test-5316-B_shape_A_texture,images/cueconflict-test-2188-test-5316-B_shape_A_texture.png,bird-ship,B_shape_A_texture,bird-ship:B_shape_A_texture,ship,bird,8,1,test-2188,test-5316,0.3876158909092394,0.130174770951271,False
cueconflict-test-1683-test-5636-B_shape_A_texture,images/cueconflict-test-1683-test-5636-B_shape_A_texture.png,bird-ship,B_shape_A_texture,bird-ship:B_shape_A_texture,ship,bird,8,1,test-1683,test-5636,0.5586224264672592,0.2074982225894928,False
cueconflict-test-4031-test-7059-B_shape_A_texture,images/cueconflict-test-4031-test-7059-B_shape_A_texture.png,bird-ship,B_shape_A_texture,bird-ship:B_shape_A_texture,ship,bird,8,1,test-4031,test-7059,0.3627151742075369,0.2078171372413635,False
cueconflict-test-6147-test-3053-B_shape_A_texture,images/cueconflict-test-6147-test-3053-B_shape_A_texture.png,bird-ship,B_shape_A_texture,bird-ship:B_shape_A_texture,ship,bird,8,1,test-6147,test-3053,0.3786191810019938,0.0751444697380065,False
cueconflict-test-3290-test-2760-B_shape_A_texture,images/cueconflict-test-3290-test-2760-B_shape_A_texture.png,bird-ship,B_shape_A_texture,bird-ship:B_shape_A_texture,ship,bird,8,1,test-3290,test-2760,0.4532276884466472,0.1623025238513946,False
cueconflict-test-5518-test-3662-B_shape_A_texture,images/cueconflict-test-5518-test-3662-B_shape_A_texture.png,bird-ship,B_shape_A_texture,bird-ship:B_shape_A_texture,ship,bird,8,1,test-5518,test-3662,0.7654930962033751,0.1586272865533828,False
cueconflict-test-526-test-3643-B_shape_A_texture,images/cueconflict-test-526-test-3643-B_shape_A_texture.png,bird-ship,B_shape_A_texture,bird-ship:B_shape_A_texture,ship,bird,8,1,test-526,test-3643,0.5681487520637086,0.1736926734447479,False
cueconflict-test-7252-test-450-B_shape_A_texture,images/cueconflict-test-7252-test-450-B_shape_A_texture.png,bird-ship,B_shape_A_texture,bird-ship:B_shape_A_texture,ship,bird,8,1,test-7252,test-450,0.4443619129113131,0.1365068256855011,False
cueconflict-test-2486-test-2760-B_shape_A_texture,images/cueconflict-test-2486-test-2760-B_shape_A_texture.png,bird-ship,B_shape_A_texture,bird-ship:B_shape_A_texture,ship,bird,8,1,test-2486,test-2760,0.4176696383315812,0.1585872173309326,False
cueconflict-test-3486-test-95-B_shape_A_texture,images/cueconflict-test-3486-test-95-B_shape_A_texture.png,bird-ship,B_shape_A_texture,bird-ship:B_shape_A_texture,ship,bird,8,1,test-3486,test-95,0.4868587975995822,0.1595631539821624,False
cueconflict-test-240-test-4828-B_shape_A_texture,images/cueconflict-test-240-test-4828-B_shape_A_texture.png,bird-ship,B_shape_A_texture,bird-ship:B_shape_A_texture,ship,bird,8,1,test-240,test-4828,0.7135176882141575,0.0816677883267402,False
cueconflict-test-494-test-3299-B_shape_A_texture,images/cueconflict-test-494-test-3299-B_shape_A_texture.png,bird-ship,B_shape_A_texture,bird-ship:B_shape_A_texture,ship,bird,8,1,test-494,test-3299,0.2809163390776246,0.1682474762201309,False
cueconflict-test-6964-test-3053-B_shape_A_texture,images/cueconflict-test-6964-test-3053-B_shape_A_texture.png,bird-ship,B_shape_A_texture,bird-ship:B_shape_A_texture,ship,bird,8,1,test-6964,test-3053,0.4951741561272757,0.08209178596735,False
cueconflict-test-6832-test-3263-B_shape_A_texture,images/cueconflict-test-6832-test-3263-B_shape_A_texture.png,bird-ship,B_shape_A_texture,bird-ship:B_shape_A_texture,ship,bird,8,1,test-6832,test-3263,0.4471790354337854,0.2431779205799102,False
cueconflict-test-6173-test-5947-B_shape_A_texture,images/cueconflict-test-6173-test-5947-B_shape_A_texture.png,bird-ship,B_shape_A_texture,bird-ship:B_shape_A_texture,ship,bird,8,1,test-6173,test-5947,0.3708328350373046,0.1719168275594711,False
cueconflict-test-3818-test-3873-B_shape_A_texture,images/cueconflict-test-3818-test-3873-B_shape_A_texture.png,bird-ship,B_shape_A_texture,bird-ship:B_shape_A_texture,ship,bird,8,1,test-3818,test-3873,0.3810182381871941,0.207193449139595,False
cueconflict-test-7893-test-3263-B_shape_A_texture,images/cueconflict-test-7893-test-3263-B_shape_A_texture.png,bird-ship,B_shape_A_texture,bird-ship:B_shape_A_texture,ship,bird,8,1,test-7893,test-3263,0.4270700489394975,0.2481691539287567,False
cueconflict-test-2342-test-3873-B_shape_A_texture,images/cueconflict-test-2342-test-3873-B_shape_A_texture.png,bird-ship,B_shape_A_texture,bird-ship:B_shape_A_texture,ship,bird,8,1,test-2342,test-3873,0.4506404441675527,0.2112215161323547,False
cueconflict-test-6012-test-5510-B_shape_A_texture,images/cueconflict-test-6012-test-5510-B_shape_A_texture.png,bird-ship,B_shape_A_texture,bird-ship:B_shape_A_texture,ship,bird,8,1,test-6012,test-5510,0.2945637209369337,0.1336127370595932,False
cueconflict-test-3608-test-1182-B_shape_A_texture,images/cueconflict-test-3608-test-1182-B_shape_A_texture.png,bird-ship,B_shape_A_texture,bird-ship:B_shape_A_texture,ship,bird,8,1,test-3608,test-1182,0.3813297464255335,0.1302752941846847,False
cueconflict-test-6964-test-3873-B_shape_A_texture,images/cueconflict-test-6964-test-3873-B_shape_A_texture.png,bird-ship,B_shape_A_texture,bird-ship:B_shape_A_texture,ship,bird,8,1,test-6964,test-3873,0.6417835914717661,0.2317662388086319,False
cueconflict-test-789-test-5122-B_shape_A_texture,images/cueconflict-test-789-test-5122-B_shape_A_texture.png,bird-ship,B_shape_A_texture,bird-ship:B_shape_A_texture,ship,bird,8,1,test-789,test-5122,0.5668491783756469,0.1802838146686554,False
cueconflict-test-539-test-1736-B_shape_A_texture,images/cueconflict-test-539-test-1736-B_shape_A_texture.png,bird-ship,B_shape_A_texture,bird-ship:B_shape_A_texture,ship,bird,8,1,test-539,test-1736,0.3120473261106157,0.0980676114559173,False
cueconflict-test-1911-test-631-A_shape_B_texture,images/cueconflict-test-1911-test-631-A_shape_B_texture.png,dog-car,A_shape_B_texture,dog-car:A_shape_B_texture,dog,car,5,2,test-1911,test-631,0.5829533431694832,0.200049951672554,False
cueconflict-test-1010-test-1851-A_shape_B_texture,images/cueconflict-test-1010-test-1851-A_shape_B_texture.png,dog-car,A_shape_B_texture,dog-car:A_shape_B_texture,dog,car,5,2,test-1010,test-1851,0.3791656512432827,0.1743624657392501,False
cueconflict-test-2477-test-524-A_shape_B_texture,images/cueconflict-test-2477-test-524-A_shape_B_texture.png,dog-car,A_shape_B_texture,dog-car:A_shape_B_texture,dog,car,5,2,test-2477,test-524,0.4062389896296923,0.0728205069899559,False
cueconflict-test-6376-test-524-A_shape_B_texture,images/cueconflict-test-6376-test-524-A_shape_B_texture.png,dog-car,A_shape_B_texture,dog-car:A_shape_B_texture,dog,car,5,2,test-6376,test-524,0.2720474464735508,0.0742982476949691,False
cueconflict-test-5998-test-524-A_shape_B_texture,images/cueconflict-test-5998-test-524-A_shape_B_texture.png,dog-car,A_shape_B_texture,dog-car:A_shape_B_texture,dog,car,5,2,test-5998,test-524,0.3310047140638003,0.0742523372173309,False
cueconflict-test-1027-test-4028-A_shape_B_texture,images/cueconflict-test-1027-test-4028-A_shape_B_texture.png,dog-car,A_shape_B_texture,dog-car:A_shape_B_texture,dog,car,5,2,test-1027,test-4028,0.4676810376381589,0.1939434558153152,False
cueconflict-test-1027-test-6268-A_shape_B_texture,images/cueconflict-test-1027-test-6268-A_shape_B_texture.png,dog-car,A_shape_B_texture,dog-car:A_shape_B_texture,dog,car,5,2,test-1027,test-6268,0.4711349229475577,0.1979502588510513,False
cueconflict-test-4106-test-895-A_shape_B_texture,images/cueconflict-test-4106-test-895-A_shape_B_texture.png,dog-car,A_shape_B_texture,dog-car:A_shape_B_texture,dog,car,5,2,test-4106,test-895,0.4037386788732562,0.1368477046489715,False
cueconflict-test-533-test-865-A_shape_B_texture,images/cueconflict-test-533-test-865-A_shape_B_texture.png,dog-car,A_shape_B_texture,dog-car:A_shape_B_texture,dog,car,5,2,test-533,test-865,0.4507633352008938,0.2287013381719589,False
cueconflict-test-3743-test-6370-A_shape_B_texture,images/cueconflict-test-3743-test-6370-A_shape_B_texture.png,dog-car,A_shape_B_texture,dog-car:A_shape_B_texture,dog,car,5,2,test-3743,test-6370,0.2811185279354097,0.2037041783332824,False
cueconflict-test-2402-test-4960-A_shape_B_texture,images/cueconflict-test-2402-test-4960-A_shape_B_texture.png,dog-car,A_shape_B_texture,dog-car:A_shape_B_texture,dog,car,5,2,test-2402,test-4960,0.4226140928202939,0.1455015540122985,False
cueconflict-test-5071-test-1842-A_shape_B_texture,images/cueconflict-test-5071-test-1842-A_shape_B_texture.png,dog-car,A_shape_B_texture,dog-car:A_shape_B_texture,dog,car,5,2,test-5071,test-1842,0.3918189711918888,0.1326675713062286,False
cueconflict-test-6038-test-1717-A_shape_B_texture,images/cueconflict-test-6038-test-1717-A_shape_B_texture.png,dog-car,A_shape_B_texture,dog-car:A_shape_B_texture,dog,car,5,2,test-6038,test-1717,0.4397712983385909,0.1068195551633834,False
cueconflict-test-6376-test-1356-A_shape_B_texture,images/cueconflict-test-6376-test-1356-A_shape_B_texture.png,dog-car,A_shape_B_texture,dog-car:A_shape_B_texture,dog,car,5,2,test-6376,test-1356,0.2659457159310597,0.1068991050124168,False
cueconflict-test-1708-test-845-A_shape_B_texture,images/cueconflict-test-1708-test-845-A_shape_B_texture.png,dog-car,A_shape_B_texture,dog-car:A_shape_B_texture,dog,car,5,2,test-1708,test-845,0.5712538351310233,0.2229786813259124,False
cueconflict-test-6767-test-74-A_shape_B_texture,images/cueconflict-test-6767-test-74-A_shape_B_texture.png,dog-car,A_shape_B_texture,dog-car:A_shape_B_texture,dog,car,5,2,test-6767,test-74,0.5063399711671347,0.1905945092439651,False
cueconflict-test-4626-test-3349-A_shape_B_texture,images/cueconflict-test-4626-test-3349-A_shape_B_texture.png,dog-car,A_shape_B_texture,dog-car:A_shape_B_texture,dog,car,5,2,test-4626,test-3349,0.5266872872343487,0.2040973156690597,False
cueconflict-test-6218-test-251-A_shape_B_texture,images/cueconflict-test-6218-test-251-A_shape_B_texture.png,dog-car,A_shape_B_texture,dog-car:A_shape_B_texture,dog,car,5,2,test-6218,test-251,0.4267077686330052,0.1625340282917022,False
cueconflict-test-3027-test-1293-A_shape_B_texture,images/cueconflict-test-3027-test-1293-A_shape_B_texture.png,dog-car,A_shape_B_texture,dog-car:A_shape_B_texture,dog,car,5,2,test-3027,test-1293,0.5423944421596395,0.0996897742152214,False
cueconflict-test-1818-test-5065-A_shape_B_texture,images/cueconflict-test-1818-test-5065-A_shape_B_texture.png,dog-car,A_shape_B_texture,dog-car:A_shape_B_texture,dog,car,5,2,test-1818,test-5065,0.3473826204960865,0.2107926905155182,False
cueconflict-test-3630-test-4696-A_shape_B_texture,images/cueconflict-test-3630-test-4696-A_shape_B_texture.png,dog-car,A_shape_B_texture,dog-car:A_shape_B_texture,dog,car,5,2,test-3630,test-4696,0.4027422525531951,0.178331509232521,False
cueconflict-test-1911-test-3554-A_shape_B_texture,images/cueconflict-test-1911-test-3554-A_shape_B_texture.png,dog-car,A_shape_B_texture,dog-car:A_shape_B_texture,dog,car,5,2,test-1911,test-3554,0.4358203857609239,0.1846230924129486,False
cueconflict-test-5611-test-1733-A_shape_B_texture,images/cueconflict-test-5611-test-1733-A_shape_B_texture.png,dog-car,A_shape_B_texture,dog-car:A_shape_B_texture,dog,car,5,2,test-5611,test-1733,0.4498203255918169,0.203065887093544,False
cueconflict-test-1822-test-6981-A_shape_B_texture,images/cueconflict-test-1822-test-6981-A_shape_B_texture.png,dog-car,A_shape_B_texture,dog-car:A_shape_B_texture,dog,car,5,2,test-1822,test-6981,0.534878974939411,0.2365595698356628,False
cueconflict-test-1818-test-7151-A_shape_B_texture,images/cueconflict-test-1818-test-7151-A_shape_B_texture.png,dog-car,A_shape_B_texture,dog-car:A_shape_B_texture,dog,car,5,2,test-1818,test-7151,0.3416518283384547,0.2108703106641769,False
cueconflict-test-533-test-3301-A_shape_B_texture,images/cueconflict-test-533-test-3301-A_shape_B_texture.png,dog-car,A_shape_B_texture,dog-car:A_shape_B_texture,dog,car,5,2,test-533,test-3301,0.4859292967253094,0.2156442552804947,False
cueconflict-test-4106-test-1520-A_shape_B_texture,images/cueconflict-test-4106-test-1520-A_shape_B_texture.png,dog-car,A_shape_B_texture,dog-car:A_shape_B_texture,dog,car,5,2,test-4106,test-1520,0.4232409254303437,0.1697708815336227,False
cueconflict-test-5139-test-6683-A_shape_B_texture,images/cueconflict-test-5139-test-6683-A_shape_B_texture.png,dog-car,A_shape_B_texture,dog-car:A_shape_B_texture,dog,car,5,2,test-5139,test-6683,0.5193515901322666,0.13597072660923,False
cueconflict-test-1373-test-1762-A_shape_B_texture,images/cueconflict-test-1373-test-1762-A_shape_B_texture.png,dog-car,A_shape_B_texture,dog-car:A_shape_B_texture,dog,car,5,2,test-1373,test-1762,0.5456244806510477,0.1681446433067321,False
cueconflict-test-6376-test-1520-A_shape_B_texture,images/cueconflict-test-6376-test-1520-A_shape_B_texture.png,dog-car,A_shape_B_texture,dog-car:A_shape_B_texture,dog,car,5,2,test-6376,test-1520,0.4417779488007566,0.1990739405155182,False
cueconflict-test-6268-test-6700-B_shape_A_texture,images/cueconflict-test-6268-test-6700-B_shape_A_texture.png,dog-car,B_shape_A_texture,dog-car:B_shape_A_texture,car,dog,2,5,test-6268,test-6700,0.3456110376859449,0.1553006768226623,False
cueconflict-test-3301-test-7331-B_shape_A_texture,images/cueconflict-test-3301-test-7331-B_shape_A_texture.png,dog-car,B_shape_A_texture,dog-car:B_shape_A_texture,car,dog,2,5,test-3301,test-7331,0.3557963775481944,0.1900766342878341,False
cueconflict-test-3554-test-451-B_shape_A_texture,images/cueconflict-test-3554-test-451-B_shape_A_texture.png,dog-car,B_shape_A_texture,dog-car:B_shape_A_texture,car,dog,2,5,test-3554,test-451,0.1449772031625112,0.1388683766126632,False
cueconflict-test-1762-test-259-B_shape_A_texture,images/cueconflict-test-1762-test-259-B_shape_A_texture.png,dog-car,B_shape_A_texture,dog-car:B_shape_A_texture,car,dog,2,5,test-1762,test-259,0.2904735724978482,0.1708637773990631,False
cueconflict-test-6073-test-2537-B_shape_A_texture,images/cueconflict-test-6073-test-2537-B_shape_A_texture.png,dog-car,B_shape_A_texture,dog-car:B_shape_A_texture,car,dog,2,5,test-6073,test-2537,0.2147034130069827,0.1721936017274856,False
cueconflict-test-1851-test-5611-B_shape_A_texture,images/cueconflict-test-1851-test-5611-B_shape_A_texture.png,dog-car,B_shape_A_texture,dog-car:B_shape_A_texture,car,dog,2,5,test-1851,test-5611,0.3312259276901156,0.167795181274414,False
cueconflict-test-2747-test-7331-B_shape_A_texture,images/cueconflict-test-2747-test-7331-B_shape_A_texture.png,dog-car,B_shape_A_texture,dog-car:B_shape_A_texture,car,dog,2,5,test-2747,test-7331,0.2255424805416634,0.1385923624038696,False
cueconflict-test-4696-test-1535-B_shape_A_texture,images/cueconflict-test-4696-test-1535-B_shape_A_texture.png,dog-car,B_shape_A_texture,dog-car:B_shape_A_texture,car,dog,2,5,test-4696,test-1535,0.4257723281365488,0.1217607706785202,False
cueconflict-test-1728-test-5998-B_shape_A_texture,images/cueconflict-test-1728-test-5998-B_shape_A_texture.png,dog-car,B_shape_A_texture,dog-car:B_shape_A_texture,car,dog,2,5,test-1728,test-5998,0.306911892427771,0.1303028315305709,False
cueconflict-test-5614-test-6376-B_shape_A_texture,images/cueconflict-test-5614-test-6376-B_shape_A_texture.png,dog-car,B_shape_A_texture,dog-car:B_shape_A_texture,car,dog,2,5,test-5614,test-6376,0.278172222748859,0.2213190495967865,False
cueconflict-test-4521-test-1822-B_shape_A_texture,images/cueconflict-test-4521-test-1822-B_shape_A_texture.png,dog-car,B_shape_A_texture,dog-car:B_shape_A_texture,car,dog,2,5,test-4521,test-1822,0.2619306299652573,0.1883909255266189,False
cueconflict-test-1520-test-2402-B_shape_A_texture,images/cueconflict-test-1520-test-2402-B_shape_A_texture.png,dog-car,B_shape_A_texture,dog-car:B_shape_A_texture,car,dog,2,5,test-1520,test-2402,0.4205794841559138,0.1614566147327423,False
cueconflict-test-5028-test-451-B_shape_A_texture,images/cueconflict-test-5028-test-451-B_shape_A_texture.png,dog-car,B_shape_A_texture,dog-car:B_shape_A_texture,car,dog,2,5,test-5028,test-451,0.450934450183807,0.1342989653348922,False
cueconflict-test-6370-test-533-B_shape_A_texture,images/cueconflict-test-6370-test-533-B_shape_A_texture.png,dog-car,B_shape_A_texture,dog-car:B_shape_A_texture,car,dog,2,5,test-6370,test-533,0.3685892677423666,0.1861404925584793,False
cueconflict-test-5365-test-97-B_shape_A_texture,images/cueconflict-test-5365-test-97-B_shape_A_texture.png,dog-car,B_shape_A_texture,dog-car:B_shape_A_texture,car,dog,2,5,test-5365,test-97,0.320641749505535,0.1743960529565811,False
cueconflict-test-3301-test-5998-B_shape_A_texture,images/cueconflict-test-3301-test-5998-B_shape_A_texture.png,dog-car,B_shape_A_texture,dog-car:B_shape_A_texture,car,dog,2,5,test-3301,test-5998,0.2787367673604591,0.1643799990415573,False
cueconflict-test-7100-test-1822-B_shape_A_texture,images/cueconflict-test-7100-test-1822-B_shape_A_texture.png,dog-car,B_shape_A_texture,dog-car:B_shape_A_texture,car,dog,2,5,test-7100,test-1822,0.4449081909754137,0.2099205553531646,False
cueconflict-test-5028-test-6719-B_shape_A_texture,images/cueconflict-test-5028-test-6719-B_shape_A_texture.png,dog-car,B_shape_A_texture,dog-car:B_shape_A_texture,car,dog,2,5,test-5028,test-6719,0.4781426017716613,0.1933643072843551,False
cueconflict-test-6196-test-2537-B_shape_A_texture,images/cueconflict-test-6196-test-2537-B_shape_A_texture.png,dog-car,B_shape_A_texture,dog-car:B_shape_A_texture,car,dog,2,5,test-6196,test-2537,0.3200208384581129,0.1764854490756988,False
cueconflict-test-1293-test-1027-B_shape_A_texture,images/cueconflict-test-1293-test-1027-B_shape_A_texture.png,dog-car,B_shape_A_texture,dog-car:B_shape_A_texture,car,dog,2,5,test-1293,test-1027,0.346700957042864,0.1092676669359207,False
cueconflict-test-1293-test-6767-B_shape_A_texture,images/cueconflict-test-1293-test-6767-B_shape_A_texture.png,dog-car,B_shape_A_texture,dog-car:B_shape_A_texture,car,dog,2,5,test-1293,test-6767,0.3507848447426691,0.2786200642585754,False
cueconflict-test-5065-test-3630-B_shape_A_texture,images/cueconflict-test-5065-test-3630-B_shape_A_texture.png,dog-car,B_shape_A_texture,dog-car:B_shape_A_texture,car,dog,2,5,test-5065,test-3630,0.3043363006809687,0.0701065808534622,False
cueconflict-test-4028-test-1911-B_shape_A_texture,images/cueconflict-test-4028-test-1911-B_shape_A_texture.png,dog-car,B_shape_A_texture,dog-car:B_shape_A_texture,car,dog,2,5,test-4028,test-1911,0.3204054629911816,0.2306703329086303,False
cueconflict-test-1196-test-4862-B_shape_A_texture,images/cueconflict-test-1196-test-4862-B_shape_A_texture.png,dog-car,B_shape_A_texture,dog-car:B_shape_A_texture,car,dog,2,5,test-1196,test-4862,0.3035649253989044,0.1416835337877273,False
cueconflict-test-4465-test-1010-B_shape_A_texture,images/cueconflict-test-4465-test-1010-B_shape_A_texture.png,dog-car,B_shape_A_texture,dog-car:B_shape_A_texture,car,dog,2,5,test-4465,test-1010,0.5241512860897408,0.2018074840307235,False
cueconflict-test-1851-test-6671-B_shape_A_texture,images/cueconflict-test-1851-test-6671-B_shape_A_texture.png,dog-car,B_shape_A_texture,dog-car:B_shape_A_texture,car,dog,2,5,test-1851,test-6671,0.3059233214069393,0.177858367562294,False
cueconflict-test-5028-test-4626-B_shape_A_texture,images/cueconflict-test-5028-test-4626-B_shape_A_texture.png,dog-car,B_shape_A_texture,dog-car:B_shape_A_texture,car,dog,2,5,test-5028,test-4626,0.5204778745480407,0.1464128792285919,False
cueconflict-test-1196-test-259-B_shape_A_texture,images/cueconflict-test-1196-test-259-B_shape_A_texture.png,dog-car,B_shape_A_texture,dog-car:B_shape_A_texture,car,dog,2,5,test-1196,test-259,0.2988432015419576,0.1670818030834198,False
cueconflict-test-1520-test-4626-B_shape_A_texture,images/cueconflict-test-1520-test-4626-B_shape_A_texture.png,dog-car,B_shape_A_texture,dog-car:B_shape_A_texture,car,dog,2,5,test-1520,test-4626,0.4269811198587813,0.15545155107975,False
cueconflict-test-6196-test-1911-B_shape_A_texture,images/cueconflict-test-6196-test-1911-B_shape_A_texture.png,dog-car,B_shape_A_texture,dog-car:B_shape_A_texture,car,dog,2,5,test-6196,test-1911,0.3365924676844685,0.2199198752641677,False
cueconflict-test-914-test-4427-A_shape_B_texture,images/cueconflict-test-914-test-4427-A_shape_B_texture.png,horse-airplane,A_shape_B_texture,horse-airplane:A_shape_B_texture,horse,airplane,6,0,test-914,test-4427,0.4875638333126648,0.1496436297893524,False
cueconflict-test-6051-test-5407-A_shape_B_texture,images/cueconflict-test-6051-test-5407-A_shape_B_texture.png,horse-airplane,A_shape_B_texture,horse-airplane:A_shape_B_texture,horse,airplane,6,0,test-6051,test-5407,0.3265554112854574,0.140211671590805,False
cueconflict-test-5404-test-3742-A_shape_B_texture,images/cueconflict-test-5404-test-3742-A_shape_B_texture.png,horse-airplane,A_shape_B_texture,horse-airplane:A_shape_B_texture,horse,airplane,6,0,test-5404,test-3742,0.3308433364594174,0.1907548755407333,False
cueconflict-test-7604-test-6814-A_shape_B_texture,images/cueconflict-test-7604-test-6814-A_shape_B_texture.png,horse-airplane,A_shape_B_texture,horse-airplane:A_shape_B_texture,horse,airplane,6,0,test-7604,test-6814,0.2434662009571585,0.1951124668121338,False
cueconflict-test-5404-test-5948-A_shape_B_texture,images/cueconflict-test-5404-test-5948-A_shape_B_texture.png,horse-airplane,A_shape_B_texture,horse-airplane:A_shape_B_texture,horse,airplane,6,0,test-5404,test-5948,0.3386647260961194,0.1491027772426605,False
cueconflict-test-5404-test-3047-A_shape_B_texture,images/cueconflict-test-5404-test-3047-A_shape_B_texture.png,horse-airplane,A_shape_B_texture,horse-airplane:A_shape_B_texture,horse,airplane,6,0,test-5404,test-3047,0.3415944686270596,0.143669918179512,False
cueconflict-test-2430-test-844-A_shape_B_texture,images/cueconflict-test-2430-test-844-A_shape_B_texture.png,horse-airplane,A_shape_B_texture,horse-airplane:A_shape_B_texture,horse,airplane,6,0,test-2430,test-844,0.3718783631561294,0.1344136446714401,False
cueconflict-test-7555-test-1449-A_shape_B_texture,images/cueconflict-test-7555-test-1449-A_shape_B_texture.png,horse-airplane,A_shape_B_texture,horse-airplane:A_shape_B_texture,horse,airplane,6,0,test-7555,test-1449,0.441711491226154,0.1576385498046875,False
cueconflict-test-1034-test-670-A_shape_B_texture,images/cueconflict-test-1034-test-670-A_shape_B_texture.png,horse-airplane,A_shape_B_texture,horse-airplane:A_shape_B_texture,horse,airplane,6,0,test-1034,test-670,0.3285248164357472,0.1107794716954231,False
cueconflict-test-2561-test-1201-A_shape_B_texture,images/cueconflict-test-2561-test-1201-A_shape_B_texture.png,horse-airplane,A_shape_B_texture,horse-airplane:A_shape_B_texture,horse,airplane,6,0,test-2561,test-1201,0.4840756596978894,0.1271951645612716,False
cueconflict-test-2658-test-4624-A_shape_B_texture,images/cueconflict-test-2658-test-4624-A_shape_B_texture.png,horse-airplane,A_shape_B_texture,horse-airplane:A_shape_B_texture,horse,airplane,6,0,test-2658,test-4624,0.3691894801377556,0.1235467046499252,False
cueconflict-test-7075-test-3742-A_shape_B_texture,images/cueconflict-test-7075-test-3742-A_shape_B_texture.png,horse-airplane,A_shape_B_texture,horse-airplane:A_shape_B_texture,horse,airplane,6,0,test-7075,test-3742,0.2899261247575658,0.1783321946859359,False
cueconflict-test-559-test-1672-A_shape_B_texture,images/cueconflict-test-559-test-1672-A_shape_B_texture.png,horse-airplane,A_shape_B_texture,horse-airplane:A_shape_B_texture,horse,airplane,6,0,test-559,test-1672,0.3871175390833429,0.1209874376654625,False
cueconflict-test-6576-test-3671-A_shape_B_texture,images/cueconflict-test-6576-test-3671-A_shape_B_texture.png,horse-airplane,A_shape_B_texture,horse-airplane:A_shape_B_texture,horse,airplane,6,0,test-6576,test-3671,0.5408462874808323,0.1899734437465667,False
cueconflict-test-2878-test-6814-A_shape_B_texture,images/cueconflict-test-2878-test-6814-A_shape_B_texture.png,horse-airplane,A_shape_B_texture,horse-airplane:A_shape_B_texture,horse,airplane,6,0,test-2878,test-6814,0.2847397925993369,0.1797735840082168,False
cueconflict-test-1838-test-4159-A_shape_B_texture,images/cueconflict-test-1838-test-4159-A_shape_B_texture.png,horse-airplane,A_shape_B_texture,horse-airplane:A_shape_B_texture,horse,airplane,6,0,test-1838,test-4159,0.4305212000236563,0.1387080401182174,False
cueconflict-test-6051-test-4427-A_shape_B_texture,images/cueconflict-test-6051-test-4427-A_shape_B_texture.png,horse-airplane,A_shape_B_texture,horse-airplane:A_shape_B_texture,horse,airplane,6,0,test-6051,test-4427,0.3150839124587812,0.1295526623725891,False
cueconflict-test-4519-test-1909-A_shape_B_texture,images/cueconflict-test-4519-test-1909-A_shape_B_texture.png,horse-airplane,A_shape_B_texture,horse-airplane:A_shape_B_texture,horse,airplane,6,0,test-4519,test-1909,0.4947658532413226,0.2034407258033752,False
cueconflict-test-1034-test-5948-A_shape_B_texture,images/cueconflict-test-1034-test-5948-A_shape_B_texture.png,horse-airplane,A_shape_B_texture,horse-airplane:A_shape_B_texture,horse,airplane,6,0,test-1034,test-5948,0.2685078034672668,0.1438387185335159,False
cueconflict-test-1923-test-5973-A_shape_B_texture,images/cueconflict-test-1923-test-5973-A_shape_B_texture.png,horse-airplane,A_shape_B_texture,horse-airplane:A_shape_B_texture,horse,airplane,6,0,test-1923,test-5973,0.3572994552167768,0.1679272204637527,False
cueconflict-test-2430-test-1917-A_shape_B_texture,images/cueconflict-test-2430-test-1917-A_shape_B_texture.png,horse-airplane,A_shape_B_texture,horse-airplane:A_shape_B_texture,horse,airplane,6,0,test-2430,test-1917,0.3825229281121484,0.1793504804372787,False
cueconflict-test-7722-test-1917-A_shape_B_texture,images/cueconflict-test-7722-test-1917-A_shape_B_texture.png,horse-airplane,A_shape_B_texture,horse-airplane:A_shape_B_texture,horse,airplane,6,0,test-7722,test-1917,0.3349344439059616,0.1744014024734497,False
cueconflict-test-6238-test-5407-A_shape_B_texture,images/cueconflict-test-6238-test-5407-A_shape_B_texture.png,horse-airplane,A_shape_B_texture,horse-airplane:A_shape_B_texture,horse,airplane,6,0,test-6238,test-5407,0.3585180889484435,0.1422028988599777,False
cueconflict-test-4875-test-3742-A_shape_B_texture,images/cueconflict-test-4875-test-3742-A_shape_B_texture.png,horse-airplane,A_shape_B_texture,horse-airplane:A_shape_B_texture,horse,airplane,6,0,test-4875,test-3742,0.3917905421623047,0.2082456350326538,False
cueconflict-test-5854-test-482-A_shape_B_texture,images/cueconflict-test-5854-test-482-A_shape_B_texture.png,horse-airplane,A_shape_B_texture,horse-airplane:A_shape_B_texture,horse,airplane,6,0,test-5854,test-482,0.3688150730379413,0.1964758038520813,False
cueconflict-test-5391-test-1917-A_shape_B_texture,images/cueconflict-test-5391-test-1917-A_shape_B_texture.png,horse-airplane,A_shape_B_texture,horse-airplane:A_shape_B_texture,horse,airplane,6,0,test-5391,test-1917,0.3080489200899287,0.1702908873558044,False
cueconflict-test-770-test-3742-A_shape_B_texture,images/cueconflict-test-770-test-3742-A_shape_B_texture.png,horse-airplane,A_shape_B_texture,horse-airplane:A_shape_B_texture,horse,airplane,6,0,test-770,test-3742,0.3312345491292842,0.1856320649385452,False
cueconflict-test-7075-test-5178-A_shape_B_texture,images/cueconflict-test-7075-test-5178-A_shape_B_texture.png,horse-airplane,A_shape_B_texture,horse-airplane:A_shape_B_texture,horse,airplane,6,0,test-7075,test-5178,0.347043637576422,0.1644061058759689,False
cueconflict-test-6203-test-2809-A_shape_B_texture,images/cueconflict-test-6203-test-2809-A_shape_B_texture.png,horse-airplane,A_shape_B_texture,horse-airplane:A_shape_B_texture,horse,airplane,6,0,test-6203,test-2809,0.3305547177017681,0.1822484284639358,False
cueconflict-test-6233-test-2288-A_shape_B_texture,images/cueconflict-test-6233-test-2288-A_shape_B_texture.png,horse-airplane,A_shape_B_texture,horse-airplane:A_shape_B_texture,horse,airplane,6,0,test-6233,test-2288,0.3247877647070413,0.132051020860672,False
cueconflict-test-844-test-6233-B_shape_A_texture,images/cueconflict-test-844-test-6233-B_shape_A_texture.png,horse-airplane,B_shape_A_texture,horse-airplane:B_shape_A_texture,airplane,horse,0,6,test-844,test-6233,0.3059249250254714,0.21074940264225,False
cueconflict-test-4427-test-1923-B_shape_A_texture,images/cueconflict-test-4427-test-1923-B_shape_A_texture.png,horse-airplane,B_shape_A_texture,horse-airplane:B_shape_A_texture,airplane,horse,0,6,test-4427,test-1923,0.3988037101178909,0.1557211726903915,False
cueconflict-test-42-test-4369-B_shape_A_texture,images/cueconflict-test-42-test-4369-B_shape_A_texture.png,horse-airplane,B_shape_A_texture,horse-airplane:B_shape_A_texture,airplane,horse,0,6,test-42,test-4369,0.6102449907478678,0.1041983887553215,False
cueconflict-test-2809-test-6203-B_shape_A_texture,images/cueconflict-test-2809-test-6203-B_shape_A_texture.png,horse-airplane,B_shape_A_texture,horse-airplane:B_shape_A_texture,airplane,horse,0,6,test-2809,test-6203,0.3459409821101855,0.1510742455720901,False
cueconflict-test-3742-test-2163-B_shape_A_texture,images/cueconflict-test-3742-test-2163-B_shape_A_texture.png,horse-airplane,B_shape_A_texture,horse-airplane:B_shape_A_texture,airplane,horse,0,6,test-3742,test-2163,0.4266622461166666,0.1127730682492256,False
cueconflict-test-7432-test-1207-B_shape_A_texture,images/cueconflict-test-7432-test-1207-B_shape_A_texture.png,horse-airplane,B_shape_A_texture,horse-airplane:B_shape_A_texture,airplane,horse,0,6,test-7432,test-1207,0.486059783218589,0.1435262560844421,False
cueconflict-test-2288-test-6576-B_shape_A_texture,images/cueconflict-test-2288-test-6576-B_shape_A_texture.png,horse-airplane,B_shape_A_texture,horse-airplane:B_shape_A_texture,airplane,horse,0,6,test-2288,test-6576,0.3912720172529458,0.1764966994524002,False
cueconflict-test-502-test-5812-B_shape_A_texture,images/cueconflict-test-502-test-5812-B_shape_A_texture.png,horse-airplane,B_shape_A_texture,horse-airplane:B_shape_A_texture,airplane,horse,0,6,test-502,test-5812,0.4345222331784386,0.1903804689645767,False
cueconflict-test-4900-test-7511-B_shape_A_texture,images/cueconflict-test-4900-test-7511-B_shape_A_texture.png,horse-airplane,B_shape_A_texture,horse-airplane:B_shape_A_texture,airplane,horse,0,6,test-4900,test-7511,0.516073747959971,0.1483518183231353,False
cueconflict-test-7373-test-6329-B_shape_A_texture,images/cueconflict-test-7373-test-6329-B_shape_A_texture.png,horse-airplane,B_shape_A_texture,horse-airplane:B_shape_A_texture,airplane,horse,0,6,test-7373,test-6329,0.3374422962185895,0.2676815688610077,False
cueconflict-test-5178-test-2878-B_shape_A_texture,images/cueconflict-test-5178-test-2878-B_shape_A_texture.png,horse-airplane,B_shape_A_texture,horse-airplane:B_shape_A_texture,airplane,horse,0,6,test-5178,test-2878,0.4533190751749774,0.1171618774533271,False
cueconflict-test-1449-test-7722-B_shape_A_texture,images/cueconflict-test-1449-test-7722-B_shape_A_texture.png,horse-airplane,B_shape_A_texture,horse-airplane:B_shape_A_texture,airplane,horse,0,6,test-1449,test-7722,0.5181669226730904,0.186920940876007,False
cueconflict-test-2217-test-3628-B_shape_A_texture,images/cueconflict-test-2217-test-3628-B_shape_A_texture.png,horse-airplane,B_shape_A_texture,horse-airplane:B_shape_A_texture,airplane,horse,0,6,test-2217,test-3628,0.4736609060696866,0.1532635986804962,False
cueconflict-test-6523-test-6056-B_shape_A_texture,images/cueconflict-test-6523-test-6056-B_shape_A_texture.png,horse-airplane,B_shape_A_texture,horse-airplane:B_shape_A_texture,airplane,horse,0,6,test-6523,test-6056,0.4516971507220759,0.1213739737868309,False
cueconflict-test-7788-test-6329-B_shape_A_texture,images/cueconflict-test-7788-test-6329-B_shape_A_texture.png,horse-airplane,B_shape_A_texture,horse-airplane:B_shape_A_texture,airplane,horse,0,6,test-7788,test-6329,0.4091953525822984,0.221032053232193,False
cueconflict-test-4427-test-6309-B_shape_A_texture,images/cueconflict-test-4427-test-6309-B_shape_A_texture.png,horse-airplane,B_shape_A_texture,horse-airplane:B_shape_A_texture,airplane,horse,0,6,test-4427,test-6309,0.3710615720685726,0.148404374718666,False
cueconflict-test-3110-test-6233-B_shape_A_texture,images/cueconflict-test-3110-test-6233-B_shape_A_texture.png,horse-airplane,B_shape_A_texture,horse-airplane:B_shape_A_texture,airplane,horse,0,6,test-3110,test-6233,0.3395386086770585,0.2221200764179229,False
cueconflict-test-670-test-7075-B_shape_A_texture,images/cueconflict-test-670-test-7075-B_shape_A_texture.png,horse-airplane,B_shape_A_texture,horse-airplane:B_shape_A_texture,airplane,horse,0,6,test-670,test-7075,0.5183319523803721,0.1775148808956146,False
cueconflict-test-7257-test-1838-B_shape_A_texture,images/cueconflict-test-7257-test-1838-B_shape_A_texture.png,horse-airplane,B_shape_A_texture,horse-airplane:B_shape_A_texture,airplane,horse,0,6,test-7257,test-1838,0.550903485164391,0.237646222114563,False
cueconflict-test-241-test-1923-B_shape_A_texture,images/cueconflict-test-241-test-1923-B_shape_A_texture.png,horse-airplane,B_shape_A_texture,horse-airplane:B_shape_A_texture,airplane,horse,0,6,test-241,test-1923,0.487196861078502,0.1431471407413482,False
cueconflict-test-1917-test-2163-B_shape_A_texture,images/cueconflict-test-1917-test-2163-B_shape_A_texture.png,horse-airplane,B_shape_A_texture,horse-airplane:B_shape_A_texture,airplane,horse,0,6,test-1917,test-2163,0.5183553190936846,0.1119701415300369,False
cueconflict-test-5785-test-4153-B_shape_A_texture,images/cueconflict-test-5785-test-4153-B_shape_A_texture.png,horse-airplane,B_shape_A_texture,horse-airplane:B_shape_A_texture,airplane,horse,0,6,test-5785,test-4153,0.4866484349969613,0.1318919211626052,False
cueconflict-test-4427-test-6329-B_shape_A_texture,images/cueconflict-test-4427-test-6329-B_shape_A_texture.png,horse-airplane,B_shape_A_texture,horse-airplane:B_shape_A_texture,airplane,horse,0,6,test-4427,test-6329,0.3853687647416685,0.2510585784912109,False
cueconflict-test-2463-test-7722-B_shape_A_texture,images/cueconflict-test-2463-test-7722-B_shape_A_texture.png,horse-airplane,B_shape_A_texture,horse-airplane:B_shape_A_texture,airplane,horse,0,6,test-2463,test-7722,0.5595466348909057,0.1488481760025024,False
cueconflict-test-2809-test-770-B_shape_A_texture,images/cueconflict-test-2809-test-770-B_shape_A_texture.png,horse-airplane,B_shape_A_texture,horse-airplane:B_shape_A_texture,airplane,horse,0,6,test-2809,test-770,0.3402197776548514,0.1142188757658004,False
cueconflict-test-6760-test-1460-B_shape_A_texture,images/cueconflict-test-6760-test-1460-B_shape_A_texture.png,horse-airplane,B_shape_A_texture,horse-airplane:B_shape_A_texture,airplane,horse,0,6,test-6760,test-1460,0.3877883055101366,0.20613993704319,False
cueconflict-test-4624-test-1207-B_shape_A_texture,images/cueconflict-test-4624-test-1207-B_shape_A_texture.png,horse-airplane,B_shape_A_texture,horse-airplane:B_shape_A_texture,airplane,horse,0,6,test-4624,test-1207,0.4904943963193867,0.1433126181364059,False
cueconflict-test-482-test-2855-B_shape_A_texture,images/cueconflict-test-482-test-2855-B_shape_A_texture.png,horse-airplane,B_shape_A_texture,horse-airplane:B_shape_A_texture,airplane,horse,0,6,test-482,test-2855,0.5691678398344735,0.1731154471635818,False
cueconflict-test-7788-test-1838-B_shape_A_texture,images/cueconflict-test-7788-test-1838-B_shape_A_texture.png,horse-airplane,B_shape_A_texture,horse-airplane:B_shape_A_texture,airplane,horse,0,6,test-7788,test-1838,0.412304053156072,0.1966102719306945,False
cueconflict-test-2463-test-2658-B_shape_A_texture,images/cueconflict-test-2463-test-2658-B_shape_A_texture.png,horse-airplane,B_shape_A_texture,horse-airplane:B_shape_A_texture,airplane,horse,0,6,test-2463,test-2658,0.6232409029564331,0.1725180000066757,False
cueconflict-test-7569-test-2084-A_shape_B_texture,images/cueconflict-test-7569-test-2084-A_shape_B_texture.png,monkey-deer,A_shape_B_texture,monkey-deer:A_shape_B_texture,monkey,deer,7,4,test-7569,test-2084,0.2850065464737034,0.1619075834751129,False
cueconflict-test-1639-test-6477-A_shape_B_texture,images/cueconflict-test-1639-test-6477-A_shape_B_texture.png,monkey-deer,A_shape_B_texture,monkey-deer:A_shape_B_texture,monkey,deer,7,4,test-1639,test-6477,0.428449256477956,0.1283463835716247,False
cueconflict-test-6905-test-7278-A_shape_B_texture,images/cueconflict-test-6905-test-7278-A_shape_B_texture.png,monkey-deer,A_shape_B_texture,monkey-deer:A_shape_B_texture,monkey,deer,7,4,test-6905,test-7278,0.4950945571417341,0.1240129470825195,False
cueconflict-test-5747-test-937-A_shape_B_texture,images/cueconflict-test-5747-test-937-A_shape_B_texture.png,monkey-deer,A_shape_B_texture,monkey-deer:A_shape_B_texture,monkey,deer,7,4,test-5747,test-937,0.2754022793203344,0.1010473296046257,False
cueconflict-test-4952-test-6763-A_shape_B_texture,images/cueconflict-test-4952-test-6763-A_shape_B_texture.png,monkey-deer,A_shape_B_texture,monkey-deer:A_shape_B_texture,monkey,deer,7,4,test-4952,test-6763,0.4433474343732078,0.1319769322872162,False
cueconflict-test-4706-test-700-A_shape_B_texture,images/cueconflict-test-4706-test-700-A_shape_B_texture.png,monkey-deer,A_shape_B_texture,monkey-deer:A_shape_B_texture,monkey,deer,7,4,test-4706,test-700,0.3521730016541061,0.1545459032058715,False
cueconflict-test-2056-test-7927-A_shape_B_texture,images/cueconflict-test-2056-test-7927-A_shape_B_texture.png,monkey-deer,A_shape_B_texture,monkey-deer:A_shape_B_texture,monkey,deer,7,4,test-2056,test-7927,0.4702617710613698,0.1461065113544464,False
cueconflict-test-2180-test-6262-A_shape_B_texture,images/cueconflict-test-2180-test-6262-A_shape_B_texture.png,monkey-deer,A_shape_B_texture,monkey-deer:A_shape_B_texture,monkey,deer,7,4,test-2180,test-6262,0.5741865640164201,0.1811217218637466,False
cueconflict-test-2408-test-6551-A_shape_B_texture,images/cueconflict-test-2408-test-6551-A_shape_B_texture.png,monkey-deer,A_shape_B_texture,monkey-deer:A_shape_B_texture,monkey,deer,7,4,test-2408,test-6551,0.3763387060860194,0.1136860251426696,False
cueconflict-test-1392-test-1266-A_shape_B_texture,images/cueconflict-test-1392-test-1266-A_shape_B_texture.png,monkey-deer,A_shape_B_texture,monkey-deer:A_shape_B_texture,monkey,deer,7,4,test-1392,test-1266,0.5054381961374702,0.1016332134604454,False
cueconflict-test-6593-test-2521-A_shape_B_texture,images/cueconflict-test-6593-test-2521-A_shape_B_texture.png,monkey-deer,A_shape_B_texture,monkey-deer:A_shape_B_texture,monkey,deer,7,4,test-6593,test-2521,0.4085162863646449,0.0743253082036972,False
cueconflict-test-5846-test-5675-A_shape_B_texture,images/cueconflict-test-5846-test-5675-A_shape_B_texture.png,monkey-deer,A_shape_B_texture,monkey-deer:A_shape_B_texture,monkey,deer,7,4,test-5846,test-5675,0.4344815206368543,0.1529817730188369,False
cueconflict-test-1392-test-3365-A_shape_B_texture,images/cueconflict-test-1392-test-3365-A_shape_B_texture.png,monkey-deer,A_shape_B_texture,monkey-deer:A_shape_B_texture,monkey,deer,7,4,test-1392,test-3365,0.5320927050241353,0.1589149981737136,False
cueconflict-test-2063-test-321-A_shape_B_texture,images/cueconflict-test-2063-test-321-A_shape_B_texture.png,monkey-deer,A_shape_B_texture,monkey-deer:A_shape_B_texture,monkey,deer,7,4,test-2063,test-321,0.3762506371775916,0.1447161734104156,False
cueconflict-test-2352-test-6262-A_shape_B_texture,images/cueconflict-test-2352-test-6262-A_shape_B_texture.png,monkey-deer,A_shape_B_texture,monkey-deer:A_shape_B_texture,monkey,deer,7,4,test-2352,test-6262,0.5108231270478093,0.1654961854219436,False
cueconflict-test-2352-test-3819-A_shape_B_texture,images/cueconflict-test-2352-test-3819-A_shape_B_texture.png,monkey-deer,A_shape_B_texture,monkey-deer:A_shape_B_texture,monkey,deer,7,4,test-2352,test-3819,0.4600416882678577,0.1627316772937774,False
cueconflict-test-7569-test-4568-A_shape_B_texture,images/cueconflict-test-7569-test-4568-A_shape_B_texture.png,monkey-deer,A_shape_B_texture,monkey-deer:A_shape_B_texture,monkey,deer,7,4,test-7569,test-4568,0.3520691356128395,0.1398323774337768,False
cueconflict-test-3659-test-3365-A_shape_B_texture,images/cueconflict-test-3659-test-3365-A_shape_B_texture.png,monkey-deer,A_shape_B_texture,monkey-deer:A_shape_B_texture,monkey,deer,7,4,test-3659,test-3365,0.4835068392322006,0.1422222256660461,False
cueconflict-test-7005-test-6763-A_shape_B_texture,images/cueconflict-test-7005-test-6763-A_shape_B_texture.png,monkey-deer,A_shape_B_texture,monkey-deer:A_shape_B_texture,monkey,deer,7,4,test-7005,test-6763,0.3913325860870362,0.1277108192443847,False
cueconflict-test-6141-test-7172-A_shape_B_texture,images/cueconflict-test-6141-test-7172-A_shape_B_texture.png,monkey-deer,A_shape_B_texture,monkey-deer:A_shape_B_texture,monkey,deer,7,4,test-6141,test-7172,0.4201327568656663,0.1278125792741775,False
cueconflict-test-2787-test-2521-A_shape_B_texture,images/cueconflict-test-2787-test-2521-A_shape_B_texture.png,monkey-deer,A_shape_B_texture,monkey-deer:A_shape_B_texture,monkey,deer,7,4,test-2787,test-2521,0.2333902983993664,0.0763811916112899,False
cueconflict-test-4903-test-6763-A_shape_B_texture,images/cueconflict-test-4903-test-6763-A_shape_B_texture.png,monkey-deer,A_shape_B_texture,monkey-deer:A_shape_B_texture,monkey,deer,7,4,test-4903,test-6763,0.4702934014164363,0.1352352797985077,False
cueconflict-test-1106-test-6484-A_shape_B_texture,images/cueconflict-test-1106-test-6484-A_shape_B_texture.png,monkey-deer,A_shape_B_texture,monkey-deer:A_shape_B_texture,monkey,deer,7,4,test-1106,test-6484,0.4101960765209206,0.1463997364044189,False
cueconflict-test-6606-test-2802-A_shape_B_texture,images/cueconflict-test-6606-test-2802-A_shape_B_texture.png,monkey-deer,A_shape_B_texture,monkey-deer:A_shape_B_texture,monkey,deer,7,4,test-6606,test-2802,0.39833293848399,0.1130105704069137,False
cueconflict-test-4952-test-3352-A_shape_B_texture,images/cueconflict-test-4952-test-3352-A_shape_B_texture.png,monkey-deer,A_shape_B_texture,monkey-deer:A_shape_B_texture,monkey,deer,7,4,test-4952,test-3352,0.405522486118766,0.1909522116184234,False
cueconflict-test-5747-test-5514-A_shape_B_texture,images/cueconflict-test-5747-test-5514-A_shape_B_texture.png,monkey-deer,A_shape_B_texture,monkey-deer:A_shape_B_texture,monkey,deer,7,4,test-5747,test-5514,0.2668844855498333,0.1588011384010315,False
cueconflict-test-7407-test-2940-A_shape_B_texture,images/cueconflict-test-7407-test-2940-A_shape_B_texture.png,monkey-deer,A_shape_B_texture,monkey-deer:A_shape_B_texture,monkey,deer,7,4,test-7407,test-2940,0.5058638281945267,0.1277683079242706,False
cueconflict-test-152-test-1582-A_shape_B_texture,images/cueconflict-test-152-test-1582-A_shape_B_texture.png,monkey-deer,A_shape_B_texture,monkey-deer:A_shape_B_texture,monkey,deer,7,4,test-152,test-1582,0.3863643263815542,0.1302917301654815,False
cueconflict-test-784-test-6262-A_shape_B_texture,images/cueconflict-test-784-test-6262-A_shape_B_texture.png,monkey-deer,A_shape_B_texture,monkey-deer:A_shape_B_texture,monkey,deer,7,4,test-784,test-6262,0.4517671281978632,0.1541828066110611,False
cueconflict-test-1192-test-5230-A_shape_B_texture,images/cueconflict-test-1192-test-5230-A_shape_B_texture.png,monkey-deer,A_shape_B_texture,monkey-deer:A_shape_B_texture,monkey,deer,7,4,test-1192,test-5230,0.4472693273235508,0.1408585757017135,False
cueconflict-test-6551-test-6141-B_shape_A_texture,images/cueconflict-test-6551-test-6141-B_shape_A_texture.png,monkey-deer,B_shape_A_texture,monkey-deer:B_shape_A_texture,deer,monkey,4,7,test-6551,test-6141,0.4728733060825613,0.1821604520082473,False
cueconflict-test-3042-test-2787-B_shape_A_texture,images/cueconflict-test-3042-test-2787-B_shape_A_texture.png,monkey-deer,B_shape_A_texture,monkey-deer:B_shape_A_texture,deer,monkey,4,7,test-3042,test-2787,0.2985309528174377,0.2074655592441558,False
cueconflict-test-965-test-7031-B_shape_A_texture,images/cueconflict-test-965-test-7031-B_shape_A_texture.png,monkey-deer,B_shape_A_texture,monkey-deer:B_shape_A_texture,deer,monkey,4,7,test-965,test-7031,0.408825878443984,0.1739273220300674,False
cueconflict-test-983-test-1106-B_shape_A_texture,images/cueconflict-test-983-test-1106-B_shape_A_texture.png,monkey-deer,B_shape_A_texture,monkey-deer:B_shape_A_texture,deer,monkey,4,7,test-983,test-1106,0.5059692809321837,0.1947839111089706,False
cueconflict-test-6637-test-6593-B_shape_A_texture,images/cueconflict-test-6637-test-6593-B_shape_A_texture.png,monkey-deer,B_shape_A_texture,monkey-deer:B_shape_A_texture,deer,monkey,4,7,test-6637,test-6593,0.5390125538681528,0.0958128944039344,False
cueconflict-test-3614-test-7005-B_shape_A_texture,images/cueconflict-test-3614-test-7005-B_shape_A_texture.png,monkey-deer,B_shape_A_texture,monkey-deer:B_shape_A_texture,deer,monkey,4,7,test-3614,test-7005,0.43374968619243,0.1745002418756485,False
cueconflict-test-3042-test-1106-B_shape_A_texture,images/cueconflict-test-3042-test-1106-B_shape_A_texture.png,monkey-deer,B_shape_A_texture,monkey-deer:B_shape_A_texture,deer,monkey,4,7,test-3042,test-1106,0.3588452585190088,0.1823831647634506,False
cueconflict-test-6763-test-6905-B_shape_A_texture,images/cueconflict-test-6763-test-6905-B_shape_A_texture.png,monkey-deer,B_shape_A_texture,monkey-deer:B_shape_A_texture,deer,monkey,4,7,test-6763,test-6905,0.5068111506922234,0.0769634172320365,False
cueconflict-test-7927-test-4903-B_shape_A_texture,images/cueconflict-test-7927-test-4903-B_shape_A_texture.png,monkey-deer,B_shape_A_texture,monkey-deer:B_shape_A_texture,deer,monkey,4,7,test-7927,test-4903,0.4301589279986543,0.1063367426395416,False
cueconflict-test-5966-test-5717-B_shape_A_texture,images/cueconflict-test-5966-test-5717-B_shape_A_texture.png,monkey-deer,B_shape_A_texture,monkey-deer:B_shape_A_texture,deer,monkey,4,7,test-5966,test-5717,0.3229592066405256,0.0883227735757827,False
cueconflict-test-1111-test-4952-B_shape_A_texture,images/cueconflict-test-1111-test-4952-B_shape_A_texture.png,monkey-deer,B_shape_A_texture,monkey-deer:B_shape_A_texture,deer,monkey,4,7,test-1111,test-4952,0.4347977718609739,0.1037353575229644,False
cueconflict-test-6913-test-7783-B_shape_A_texture,images/cueconflict-test-6913-test-7783-B_shape_A_texture.png,monkey-deer,B_shape_A_texture,monkey-deer:B_shape_A_texture,deer,monkey,4,7,test-6913,test-7783,0.4024154871081445,0.0993749573826789,False
cueconflict-test-7278-test-784-B_shape_A_texture,images/cueconflict-test-7278-test-784-B_shape_A_texture.png,monkey-deer,B_shape_A_texture,monkey-deer:B_shape_A_texture,deer,monkey,4,7,test-7278,test-784,0.4942744122042202,0.1483723819255828,False
cueconflict-test-3819-test-7005-B_shape_A_texture,images/cueconflict-test-3819-test-7005-B_shape_A_texture.png,monkey-deer,B_shape_A_texture,monkey-deer:B_shape_A_texture,deer,monkey,4,7,test-3819,test-7005,0.3669105882954859,0.1717737913131714,False
cueconflict-test-983-test-7783-B_shape_A_texture,images/cueconflict-test-983-test-7783-B_shape_A_texture.png,monkey-deer,B_shape_A_texture,monkey-deer:B_shape_A_texture,deer,monkey,4,7,test-983,test-7783,0.4503700382998785,0.1148618310689926,False
cueconflict-test-4648-test-2246-B_shape_A_texture,images/cueconflict-test-4648-test-2246-B_shape_A_texture.png,monkey-deer,B_shape_A_texture,monkey-deer:B_shape_A_texture,deer,monkey,4,7,test-4648,test-2246,0.4486307899595331,0.1528605818748474,False
cueconflict-test-16-test-5977-B_shape_A_texture,images/cueconflict-test-16-test-5977-B_shape_A_texture.png,monkey-deer,B_shape_A_texture,monkey-deer:B_shape_A_texture,deer,monkey,4,7,test-16,test-5977,0.4360062777856638,0.1680464595556259,False
cueconflict-test-1111-test-152-B_shape_A_texture,images/cueconflict-test-1111-test-152-B_shape_A_texture.png,monkey-deer,B_shape_A_texture,monkey-deer:B_shape_A_texture,deer,monkey,4,7,test-1111,test-152,0.5060877636402574,0.1773083657026291,False
cueconflict-test-6763-test-4748-B_shape_A_texture,images/cueconflict-test-6763-test-4748-B_shape_A_texture.png,monkey-deer,B_shape_A_texture,monkey-deer:B_shape_A_texture,deer,monkey,4,7,test-6763,test-4748,0.4972264769443398,0.1108975037932396,False
cueconflict-test-767-test-1106-B_shape_A_texture,images/cueconflict-test-767-test-1106-B_shape_A_texture.png,monkey-deer,B_shape_A_texture,monkey-deer:B_shape_A_texture,deer,monkey,4,7,test-767,test-1106,0.6168839955697503,0.1571301072835922,False
cueconflict-test-5514-test-5289-B_shape_A_texture,images/cueconflict-test-5514-test-5289-B_shape_A_texture.png,monkey-deer,B_shape_A_texture,monkey-deer:B_shape_A_texture,deer,monkey,4,7,test-5514,test-5289,0.4806385040674681,0.1237449198961258,False
cueconflict-test-761-test-1639-B_shape_A_texture,images/cueconflict-test-761-test-1639-B_shape_A_texture.png,monkey-deer,B_shape_A_texture,monkey-deer:B_shape_A_texture,deer,monkey,4,7,test-761,test-1639,0.4338726169796652,0.2162977457046508,False
cueconflict-test-6484-test-5730-B_shape_A_texture,images/cueconflict-test-6484-test-5730-B_shape_A_texture.png,monkey-deer,B_shape_A_texture,monkey-deer:B_shape_A_texture,deer,monkey,4,7,test-6484,test-5730,0.4271992434151525,0.1825041025876999,False
cueconflict-test-5966-test-7749-B_shape_A_texture,images/cueconflict-test-5966-test-7749-B_shape_A_texture.png,monkey-deer,B_shape_A_texture,monkey-deer:B_shape_A_texture,deer,monkey,4,7,test-5966,test-7749,0.3060893164182543,0.1335372775793075,False
cueconflict-test-983-test-4901-B_shape_A_texture,images/cueconflict-test-983-test-4901-B_shape_A_texture.png,monkey-deer,B_shape_A_texture,monkey-deer:B_shape_A_texture,deer,monkey,4,7,test-983,test-4901,0.3861280438236054,0.1713682860136032,False
cueconflict-test-2521-test-5826-B_shape_A_texture,images/cueconflict-test-2521-test-5826-B_shape_A_texture.png,monkey-deer,B_shape_A_texture,monkey-deer:B_shape_A_texture,deer,monkey,4,7,test-2521,test-5826,0.4374708134455586,0.1651613712310791,False
cueconflict-test-3614-test-5738-B_shape_A_texture,images/cueconflict-test-3614-test-5738-B_shape_A_texture.png,monkey-deer,B_shape_A_texture,monkey-deer:B_shape_A_texture,deer,monkey,4,7,test-3614,test-5738,0.5006873145673358,0.2314671725034713,False
cueconflict-test-3964-test-6593-B_shape_A_texture,images/cueconflict-test-3964-test-6593-B_shape_A_texture.png,monkey-deer,B_shape_A_texture,monkey-deer:B_shape_A_texture,deer,monkey,4,7,test-3964,test-6593,0.3040907920002176,0.1356952637434005,False
cueconflict-test-5514-test-5738-B_shape_A_texture,images/cueconflict-test-5514-test-5738-B_shape_A_texture.png,monkey-deer,B_shape_A_texture,monkey-deer:B_shape_A_texture,deer,monkey,4,7,test-5514,test-5738,0.4029941453884447,0.2278650403022766,False
cueconflict-test-4648-test-1199-B_shape_A_texture,images/cueconflict-test-4648-test-1199-B_shape_A_texture.png,monkey-deer,B_shape_A_texture,monkey-deer:B_shape_A_texture,deer,monkey,4,7,test-4648,test-1199,0.4114496530576361,0.1223544850945472,False
cueconflict-test-2169-test-3290-A_shape_B_texture,images/cueconflict-test-2169-test-3290-A_shape_B_texture.png,bird-ship,A_shape_B_texture,bird-ship:A_shape_B_texture,bird,ship,1,8,test-2169,test-3290,0.5056625089981504,0.161282017827034,False
cueconflict-test-307-test-5689-A_shape_B_texture,images/cueconflict-test-307-test-5689-A_shape_B_texture.png,bird-ship,A_shape_B_texture,bird-ship:A_shape_B_texture,bird,ship,1,8,test-307,test-5689,0.508984256489647,0.181603267788887,False
cueconflict-test-3643-test-5231-A_shape_B_texture,images/cueconflict-test-3643-test-5231-A_shape_B_texture.png,bird-ship,A_shape_B_texture,bird-ship:A_shape_B_texture,bird,ship,1,8,test-3643,test-5231,0.3101420421256779,0.1737882494926452,False
cueconflict-test-2168-test-2188-A_shape_B_texture,images/cueconflict-test-2168-test-2188-A_shape_B_texture.png,bird-ship,A_shape_B_texture,bird-ship:A_shape_B_texture,bird,ship,1,8,test-2168,test-2188,0.4264855875726209,0.136599451303482,False
cueconflict-test-4287-test-7623-A_shape_B_texture,images/cueconflict-test-4287-test-7623-A_shape_B_texture.png,bird-ship,A_shape_B_texture,bird-ship:A_shape_B_texture,bird,ship,1,8,test-4287,test-7623,0.4293729656298536,0.1489375084638595,False
cueconflict-test-3299-test-1999-A_shape_B_texture,images/cueconflict-test-3299-test-1999-A_shape_B_texture.png,bird-ship,A_shape_B_texture,bird-ship:A_shape_B_texture,bird,ship,1,8,test-3299,test-1999,0.4209809033577784,0.2107167541980743,False
cueconflict-test-4287-test-2238-A_shape_B_texture,images/cueconflict-test-4287-test-2238-A_shape_B_texture.png,bird-ship,A_shape_B_texture,bird-ship:A_shape_B_texture,bird,ship,1,8,test-4287,test-2238,0.4950435652325126,0.1883226931095123,False
cueconflict-test-5122-test-2188-A_shape_B_texture,images/cueconflict-test-5122-test-2188-A_shape_B_texture.png,bird-ship,A_shape_B_texture,bird-ship:A_shape_B_texture,bird,ship,1,8,test-5122,test-2188,0.4324058742248722,0.1443664878606796,False
cueconflict-test-1919-test-6940-A_shape_B_texture,images/cueconflict-test-1919-test-6940-A_shape_B_texture.png,bird-ship,A_shape_B_texture,bird-ship:A_shape_B_texture,bird,ship,1,8,test-1919,test-6940,0.5007502610472795,0.1683123260736465,False
cueconflict-test-95-test-4031-A_shape_B_texture,images/cueconflict-test-95-test-4031-A_shape_B_texture.png,bird-ship,A_shape_B_texture,bird-ship:A_shape_B_texture,bird,ship,1,8,test-95,test-4031,0.5763369902609625,0.1727900952100753,False
cueconflict-test-1182-test-6012-A_shape_B_texture,images/cueconflict-test-1182-test-6012-A_shape_B_texture.png,bird-ship,A_shape_B_texture,bird-ship:A_shape_B_texture,bird,ship,1,8,test-1182,test-6012,0.374126370127762,0.1765807718038559,False
cueconflict-test-3643-test-5518-A_shape_B_texture,images/cueconflict-test-3643-test-5518-A_shape_B_texture.png,bird-ship,A_shape_B_texture,bird-ship:A_shape_B_texture,bird,ship,1,8,test-3643,test-5518,0.2807830448588657,0.1458589434623718,False
cueconflict-test-1919-test-602-A_shape_B_texture,images/cueconflict-test-1919-test-602-A_shape_B_texture.png,bird-ship,A_shape_B_texture,bird-ship:A_shape_B_texture,bird,ship,1,8,test-1919,test-602,0.5728956803162721,0.1371796876192093,False
cueconflict-test-5636-test-7893-A_shape_B_texture,images/cueconflict-test-5636-test-7893-A_shape_B_texture.png,bird-ship,A_shape_B_texture,bird-ship:A_shape_B_texture,bird,ship,1,8,test-5636,test-7893,0.6115052375530968,0.1641611009836197,False
cueconflict-test-3662-test-3608-A_shape_B_texture,images/cueconflict-test-3662-test-3608-A_shape_B_texture.png,bird-ship,A_shape_B_texture,bird-ship:A_shape_B_texture,bird,ship,1,8,test-3662,test-3608,0.5719112749260784,0.1638421416282653,False
cueconflict-test-2168-test-2059-A_shape_B_texture,images/cueconflict-test-2168-test-2059-A_shape_B_texture.png,bird-ship,A_shape_B_texture,bird-ship:A_shape_B_texture,bird,ship,1,8,test-2168,test-2059,0.427136154159728,0.1702099591493606,False
cueconflict-test-4803-test-6012-A_shape_B_texture,images/cueconflict-test-4803-test-6012-A_shape_B_texture.png,bird-ship,A_shape_B_texture,bird-ship:A_shape_B_texture,bird,ship,1,8,test-4803,test-6012,0.4030369128519832,0.1576193273067474,False
cueconflict-test-6967-test-7893-A_shape_B_texture,images/cueconflict-test-6967-test-7893-A_shape_B_texture.png,bird-ship,A_shape_B_texture,bird-ship:A_shape_B_texture,bird,ship,1,8,test-6967,test-7893,0.622632064511316,0.1836499720811844,False
cueconflict-test-4309-test-4058-A_shape_B_texture,images/cueconflict-test-4309-test-4058-A_shape_B_texture.png,bird-ship,A_shape_B_texture,bird-ship:A_shape_B_texture,bird,ship,1,8,test-4309,test-4058,0.4894208412633762,0.1758772581815719,False
cueconflict-test-4287-test-6675-A_shape_B_texture,images/cueconflict-test-4287-test-6675-A_shape_B_texture.png,bird-ship,A_shape_B_texture,bird-ship:A_shape_B_texture,bird,ship,1,8,test-4287,test-6675,0.4689211417291574,0.1448298841714859,False
cueconflict-test-2760-test-3486-A_shape_B_texture,images/cueconflict-test-2760-test-3486-A_shape_B_texture.png,bird-ship,A_shape_B_texture,bird-ship:A_shape_B_texture,bird,ship,1,8,test-2760,test-3486,0.4988218961267874,0.1592807024717331,False
cueconflict-test-4828-test-4031-A_shape_B_texture,images/cueconflict-test-4828-test-4031-A_shape_B_texture.png,bird-ship,A_shape_B_texture,bird-ship:A_shape_B_texture,bird,ship,1,8,test-4828,test-4031,0.546990572882983,0.1656605452299118,False
cueconflict-test-140-test-1255-A_shape_B_texture,images/cueconflict-test-140-test-1255-A_shape_B_texture.png,bird-ship,A_shape_B_texture,bird-ship:A_shape_B_texture,bird,ship,1,8,test-140,test-1255,0.5424439044968079,0.1646823585033416,False
cueconflict-test-4309-test-7252-A_shape_B_texture,images/cueconflict-test-4309-test-7252-A_shape_B_texture.png,bird-ship,A_shape_B_texture,bird-ship:A_shape_B_texture,bird,ship,1,8,test-4309,test-7252,0.4715290977474908,0.1523863226175308,False
cueconflict-test-6150-test-1255-A_shape_B_texture,images/cueconflict-test-6150-test-1255-A_shape_B_texture.png,bird-ship,A_shape_B_texture,bird-ship:A_shape_B_texture,bird,ship,1,8,test-6150,test-1255,0.2861491632502294,0.1580948382616043,False
cueconflict-test-289-test-2238-A_shape_B_texture,images/cueconflict-test-289-test-2238-A_shape_B_texture.png,bird-ship,A_shape_B_texture,bird-ship:A_shape_B_texture,bird,ship,1,8,test-289,test-2238,0.3798416080170418,0.1453940570354461,False
cueconflict-test-7059-test-6165-A_shape_B_texture,images/cueconflict-test-7059-test-6165-A_shape_B_texture.png,bird-ship,A_shape_B_texture,bird-ship:A_shape_B_texture,bird,ship,1,8,test-7059,test-6165,0.4778492116492686,0.2347893416881561,False
cueconflict-test-3643-test-4592-A_shape_B_texture,images/cueconflict-test-3643-test-4592-A_shape_B_texture.png,bird-ship,A_shape_B_texture,bird-ship:A_shape_B_texture,bird,ship,1,8,test-3643,test-4592,0.3355660580286298,0.1884809881448745,False
cueconflict-test-6967-test-2059-A_shape_B_texture,images/cueconflict-test-6967-test-2059-A_shape_B_texture.png,bird-ship,A_shape_B_texture,bird-ship:A_shape_B_texture,bird,ship,1,8,test-6967,test-2059,0.5280633700630589,0.176717609167099,False
cueconflict-test-1564-test-539-A_shape_B_texture,images/cueconflict-test-1564-test-539-A_shape_B_texture.png,bird-ship,A_shape_B_texture,bird-ship:A_shape_B_texture,bird,ship,1,8,test-1564,test-539,0.4079762908224228,0.1727678924798965,False
cueconflict-test-140-test-539-A_shape_B_texture,images/cueconflict-test-140-test-539-A_shape_B_texture.png,bird-ship,A_shape_B_texture,bird-ship:A_shape_B_texture,bird,ship,1,8,test-140,test-539,0.5595447467003906,0.1527251303195953,False
cueconflict-test-891-test-2188-A_shape_B_texture,images/cueconflict-test-891-test-2188-A_shape_B_texture.png,bird-ship,A_shape_B_texture,bird-ship:A_shape_B_texture,bird,ship,1,8,test-891,test-2188,0.5522025064463204,0.1298535019159317,False
cueconflict-test-47-test-556-A_shape_B_texture,images/cueconflict-test-47-test-556-A_shape_B_texture.png,bird-ship,A_shape_B_texture,bird-ship:A_shape_B_texture,bird,ship,1,8,test-47,test-556,0.4149108947195462,0.174434021115303,False
cueconflict-test-3272-test-5518-A_shape_B_texture,images/cueconflict-test-3272-test-5518-A_shape_B_texture.png,bird-ship,A_shape_B_texture,bird-ship:A_shape_B_texture,bird,ship,1,8,test-3272,test-5518,0.3653876710876317,0.123048260807991,False
cueconflict-test-140-test-6832-A_shape_B_texture,images/cueconflict-test-140-test-6832-A_shape_B_texture.png,bird-ship,A_shape_B_texture,bird-ship:A_shape_B_texture,bird,ship,1,8,test-140,test-6832,0.567194706690149,0.1677825152873993,False
cueconflict-test-307-test-2238-A_shape_B_texture,images/cueconflict-test-307-test-2238-A_shape_B_texture.png,bird-ship,A_shape_B_texture,bird-ship:A_shape_B_texture,bird,ship,1,8,test-307,test-2238,0.4610322320835698,0.1593174338340759,False
cueconflict-test-140-test-5518-A_shape_B_texture,images/cueconflict-test-140-test-5518-A_shape_B_texture.png,bird-ship,A_shape_B_texture,bird-ship:A_shape_B_texture,bird,ship,1,8,test-140,test-5518,0.7087532964031086,0.1297275871038437,False
cueconflict-test-140-test-3486-A_shape_B_texture,images/cueconflict-test-140-test-3486-A_shape_B_texture.png,bird-ship,A_shape_B_texture,bird-ship:A_shape_B_texture,bird,ship,1,8,test-140,test-3486,0.527021641974841,0.1503950506448745,False
cueconflict-test-3053-test-7893-A_shape_B_texture,images/cueconflict-test-3053-test-7893-A_shape_B_texture.png,bird-ship,A_shape_B_texture,bird-ship:A_shape_B_texture,bird,ship,1,8,test-3053,test-7893,0.3864095143364879,0.169156402349472,False
cueconflict-test-3263-test-7623-A_shape_B_texture,images/cueconflict-test-3263-test-7623-A_shape_B_texture.png,bird-ship,A_shape_B_texture,bird-ship:A_shape_B_texture,bird,ship,1,8,test-3263,test-7623,0.4473968438157858,0.1479829251766204,False
cueconflict-test-3697-test-4581-A_shape_B_texture,images/cueconflict-test-3697-test-4581-A_shape_B_texture.png,cat-truck,A_shape_B_texture,cat-truck:A_shape_B_texture,cat,truck,3,9,test-3697,test-4581,0.4103379794748903,0.2036206275224685,False
cueconflict-test-4609-test-2194-A_shape_B_texture,images/cueconflict-test-4609-test-2194-A_shape_B_texture.png,cat-truck,A_shape_B_texture,cat-truck:A_shape_B_texture,cat,truck,3,9,test-4609,test-2194,0.3841395018633125,0.1764852851629257,False
cueconflict-test-2890-test-5296-A_shape_B_texture,images/cueconflict-test-2890-test-5296-A_shape_B_texture.png,cat-truck,A_shape_B_texture,cat-truck:A_shape_B_texture,cat,truck,3,9,test-2890,test-5296,0.3916263191908484,0.189392477273941,False
cueconflict-test-6974-test-3789-A_shape_B_texture,images/cueconflict-test-6974-test-3789-A_shape_B_texture.png,cat-truck,A_shape_B_texture,cat-truck:A_shape_B_texture,cat,truck,3,9,test-6974,test-3789,0.3605377224819157,0.2161181718111038,False
cueconflict-test-3911-test-2966-A_shape_B_texture,images/cueconflict-test-3911-test-2966-A_shape_B_texture.png,cat-truck,A_shape_B_texture,cat-truck:A_shape_B_texture,cat,truck,3,9,test-3911,test-2966,0.3577805573920705,0.1596330404281616,False
cueconflict-test-5720-test-5447-A_shape_B_texture,images/cueconflict-test-5720-test-5447-A_shape_B_texture.png,cat-truck,A_shape_B_texture,cat-truck:A_shape_B_texture,cat,truck,3,9,test-5720,test-5447,0.4317991219288177,0.1513116657733917,False
cueconflict-test-2066-test-4930-A_shape_B_texture,images/cueconflict-test-2066-test-4930-A_shape_B_texture.png,cat-truck,A_shape_B_texture,cat-truck:A_shape_B_texture,cat,truck,3,9,test-2066,test-4930,0.4777609758472848,0.1459872275590896,False
cueconflict-test-5720-test-5364-A_shape_B_texture,images/cueconflict-test-5720-test-5364-A_shape_B_texture.png,cat-truck,A_shape_B_texture,cat-truck:A_shape_B_texture,cat,truck,3,9,test-5720,test-5364,0.4638099355919338,0.2220011204481125,False
cueconflict-test-127-test-6747-A_shape_B_texture,images/cueconflict-test-127-test-6747-A_shape_B_texture.png,cat-truck,A_shape_B_texture,cat-truck:A_shape_B_texture,cat,truck,3,9,test-127,test-6747,0.4658629919296297,0.2375165671110153,False
cueconflict-test-536-test-5364-A_shape_B_texture,images/cueconflict-test-536-test-5364-A_shape_B_texture.png,cat-truck,A_shape_B_texture,cat-truck:A_shape_B_texture,cat,truck,3,9,test-536,test-5364,0.5425508776517737,0.2197704762220382,False
cueconflict-test-1642-test-4342-A_shape_B_texture,images/cueconflict-test-1642-test-4342-A_shape_B_texture.png,cat-truck,A_shape_B_texture,cat-truck:A_shape_B_texture,cat,truck,3,9,test-1642,test-4342,0.544569077651287,0.1906283348798751,False
cueconflict-test-4313-test-3689-A_shape_B_texture,images/cueconflict-test-4313-test-3689-A_shape_B_texture.png,cat-truck,A_shape_B_texture,cat-truck:A_shape_B_texture,cat,truck,3,9,test-4313,test-3689,0.4577072767236595,0.1370249390602111,False
cueconflict-test-1642-test-1515-A_shape_B_texture,images/cueconflict-test-1642-test-1515-A_shape_B_texture.png,cat-truck,A_shape_B_texture,cat-truck:A_shape_B_texture,cat,truck,3,9,test-1642,test-1515,0.5153876392880233,0.1523151397705078,False
cueconflict-test-4972-test-5296-A_shape_B_texture,images/cueconflict-test-4972-test-5296-A_shape_B_texture.png,cat-truck,A_shape_B_texture,cat-truck:A_shape_B_texture,cat,truck,3,9,test-4972,test-5296,0.3079913952556181,0.1415309160947799,False
cueconflict-test-5294-test-7830-A_shape_B_texture,images/cueconflict-test-5294-test-7830-A_shape_B_texture.png,cat-truck,A_shape_B_texture,cat-truck:A_shape_B_texture,cat,truck,3,9,test-5294,test-7830,0.5110778209997805,0.2099240869283676,False
cueconflict-test-1409-test-2194-A_shape_B_texture,images/cueconflict-test-1409-test-2194-A_shape_B_texture.png,cat-truck,A_shape_B_texture,cat-truck:A_shape_B_texture,cat,truck,3,9,test-1409,test-2194,0.5570976671364527,0.1725059747695922,False
cueconflict-test-3373-test-3789-A_shape_B_texture,images/cueconflict-test-3373-test-3789-A_shape_B_texture.png,cat-truck,A_shape_B_texture,cat-truck:A_shape_B_texture,cat,truck,3,9,test-3373,test-3789,0.454308908539695,0.2051992714405059,False
cueconflict-test-4908-test-4965-A_shape_B_texture,images/cueconflict-test-4908-test-4965-A_shape_B_texture.png,cat-truck,A_shape_B_texture,cat-truck:A_shape_B_texture,cat,truck,3,9,test-4908,test-4965,0.36987596522934,0.1953383982181549,False
cueconflict-test-589-test-2966-A_shape_B_texture,images/cueconflict-test-589-test-2966-A_shape_B_texture.png,cat-truck,A_shape_B_texture,cat-truck:A_shape_B_texture,cat,truck,3,9,test-589,test-2966,0.2888918839854086,0.1895067542791366,False
cueconflict-test-4-test-7830-A_shape_B_texture,images/cueconflict-test-4-test-7830-A_shape_B_texture.png,cat-truck,A_shape_B_texture,cat-truck:A_shape_B_texture,cat,truck,3,9,test-4,test-7830,0.5084031888997547,0.1665170788764953,False
cueconflict-test-2066-test-7830-A_shape_B_texture,images/cueconflict-test-2066-test-7830-A_shape_B_texture.png,cat-truck,A_shape_B_texture,cat-truck:A_shape_B_texture,cat,truck,3,9,test-2066,test-7830,0.4941267736790617,0.1436476558446884,False
cueconflict-test-4972-test-7193-A_shape_B_texture,images/cueconflict-test-4972-test-7193-A_shape_B_texture.png,cat-truck,A_shape_B_texture,cat-truck:A_shape_B_texture,cat,truck,3,9,test-4972,test-7193,0.3430147151010714,0.1474129557609558,False
cueconflict-test-1573-test-5799-A_shape_B_texture,images/cueconflict-test-1573-test-5799-A_shape_B_texture.png,cat-truck,A_shape_B_texture,cat-truck:A_shape_B_texture,cat,truck,3,9,test-1573,test-5799,0.3711077268175033,0.2029451876878738,False
cueconflict-test-3383-test-6283-A_shape_B_texture,images/cueconflict-test-3383-test-6283-A_shape_B_texture.png,cat-truck,A_shape_B_texture,cat-truck:A_shape_B_texture,cat,truck,3,9,test-3383,test-6283,0.3425249609959514,0.2035902291536331,False
cueconflict-test-4313-test-5801-A_shape_B_texture,images/cueconflict-test-4313-test-5801-A_shape_B_texture.png,cat-truck,A_shape_B_texture,cat-truck:A_shape_B_texture,cat,truck,3,9,test-4313,test-5801,0.5214633711692581,0.1415676474571228,False
cueconflict-test-2066-test-2966-A_shape_B_texture,images/cueconflict-test-2066-test-2966-A_shape_B_texture.png,cat-truck,A_shape_B_texture,cat-truck:A_shape_B_texture,cat,truck,3,9,test-2066,test-2966,0.4409643399211314,0.1615517139434814,False
cueconflict-test-5720-test-7830-A_shape_B_texture,images/cueconflict-test-5720-test-7830-A_shape_B_texture.png,cat-truck,A_shape_B_texture,cat-truck:A_shape_B_texture,cat,truck,3,9,test-5720,test-7830,0.4537511834569544,0.1842408180236816,False
cueconflict-test-4229-test-6121-A_shape_B_texture,images/cueconflict-test-4229-test-6121-A_shape_B_texture.png,cat-truck,A_shape_B_texture,cat-truck:A_shape_B_texture,cat,truck,3,9,test-4229,test-6121,0.2929508615647418,0.1971845626831054,False
cueconflict-test-4-test-1959-A_shape_B_texture,images/cueconflict-test-4-test-1959-A_shape_B_texture.png,cat-truck,A_shape_B_texture,cat-truck:A_shape_B_texture,cat,truck,3,9,test-4,test-1959,0.4600677586439816,0.2120888233184814,False
cueconflict-test-1409-test-3102-A_shape_B_texture,images/cueconflict-test-1409-test-3102-A_shape_B_texture.png,cat-truck,A_shape_B_texture,cat-truck:A_shape_B_texture,cat,truck,3,9,test-1409,test-3102,0.4888477639490648,0.2019666284322738,False
cueconflict-test-536-test-7830-A_shape_B_texture,images/cueconflict-test-536-test-7830-A_shape_B_texture.png,cat-truck,A_shape_B_texture,cat-truck:A_shape_B_texture,cat,truck,3,9,test-536,test-7830,0.5517675681121751,0.1658555567264557,False
cueconflict-test-3800-test-5447-A_shape_B_texture,images/cueconflict-test-3800-test-5447-A_shape_B_texture.png,cat-truck,A_shape_B_texture,cat-truck:A_shape_B_texture,cat,truck,3,9,test-3800,test-5447,0.376319467770406,0.1519984155893325,False
cueconflict-test-2890-test-3369-A_shape_B_texture,images/cueconflict-test-2890-test-3369-A_shape_B_texture.png,cat-truck,A_shape_B_texture,cat-truck:A_shape_B_texture,cat,truck,3,9,test-2890,test-3369,0.3587662478466645,0.204993262887001,False
cueconflict-test-3383-test-1893-A_shape_B_texture,images/cueconflict-test-3383-test-1893-A_shape_B_texture.png,cat-truck,A_shape_B_texture,cat-truck:A_shape_B_texture,cat,truck,3,9,test-3383,test-1893,0.3707711234302688,0.1712195873260498,False
cueconflict-test-5720-test-3369-A_shape_B_texture,images/cueconflict-test-5720-test-3369-A_shape_B_texture.png,cat-truck,A_shape_B_texture,cat-truck:A_shape_B_texture,cat,truck,3,9,test-5720,test-3369,0.3942972223150935,0.2013046741485595,False
cueconflict-test-2066-test-5447-A_shape_B_texture,images/cueconflict-test-2066-test-5447-A_shape_B_texture.png,cat-truck,A_shape_B_texture,cat-truck:A_shape_B_texture,cat,truck,3,9,test-2066,test-5447,0.4501129994951502,0.1246035620570182,False
cueconflict-test-2890-test-7543-A_shape_B_texture,images/cueconflict-test-2890-test-7543-A_shape_B_texture.png,cat-truck,A_shape_B_texture,cat-truck:A_shape_B_texture,cat,truck,3,9,test-2890,test-7543,0.5054786240621938,0.2345035523176193,False
cueconflict-test-1642-test-38-A_shape_B_texture,images/cueconflict-test-1642-test-38-A_shape_B_texture.png,cat-truck,A_shape_B_texture,cat-truck:A_shape_B_texture,cat,truck,3,9,test-1642,test-38,0.4967403835982792,0.1712790578603744,False
cueconflict-test-6204-test-7197-A_shape_B_texture,images/cueconflict-test-6204-test-7197-A_shape_B_texture.png,cat-truck,A_shape_B_texture,cat-truck:A_shape_B_texture,cat,truck,3,9,test-6204,test-7197,0.4598303026612284,0.1802157759666443,False
cueconflict-test-6360-test-3612-A_shape_B_texture,images/cueconflict-test-6360-test-3612-A_shape_B_texture.png,cat-truck,A_shape_B_texture,cat-truck:A_shape_B_texture,cat,truck,3,9,test-6360,test-3612,0.4291253243019154,0.2195648550987243,False
cueconflict-test-6038-test-3301-A_shape_B_texture,images/cueconflict-test-6038-test-3301-A_shape_B_texture.png,dog-car,A_shape_B_texture,dog-car:A_shape_B_texture,dog,car,5,2,test-6038,test-3301,0.5476485636426666,0.2002919167280197,False
cueconflict-test-6700-test-1520-A_shape_B_texture,images/cueconflict-test-6700-test-1520-A_shape_B_texture.png,dog-car,A_shape_B_texture,dog-car:A_shape_B_texture,dog,car,5,2,test-6700,test-1520,0.4167763428967683,0.1785584241151809,False
cueconflict-test-7074-test-1699-A_shape_B_texture,images/cueconflict-test-7074-test-1699-A_shape_B_texture.png,dog-car,A_shape_B_texture,dog-car:A_shape_B_texture,dog,car,5,2,test-7074,test-1699,0.4940492091541767,0.1982826739549636,False
cueconflict-test-2477-test-6981-A_shape_B_texture,images/cueconflict-test-2477-test-6981-A_shape_B_texture.png,dog-car,A_shape_B_texture,dog-car:A_shape_B_texture,dog,car,5,2,test-2477,test-6981,0.4447409310592792,0.2160383015871048,False
cueconflict-test-1818-test-7697-A_shape_B_texture,images/cueconflict-test-1818-test-7697-A_shape_B_texture.png,dog-car,A_shape_B_texture,dog-car:A_shape_B_texture,dog,car,5,2,test-1818,test-7697,0.3581536899053734,0.1748111546039581,False
cueconflict-test-7423-test-845-A_shape_B_texture,images/cueconflict-test-7423-test-845-A_shape_B_texture.png,dog-car,A_shape_B_texture,dog-car:A_shape_B_texture,dog,car,5,2,test-7423,test-845,0.482732552595685,0.2233332991600036,False
cueconflict-test-6700-test-1728-A_shape_B_texture,images/cueconflict-test-6700-test-1728-A_shape_B_texture.png,dog-car,A_shape_B_texture,dog-car:A_shape_B_texture,dog,car,5,2,test-6700,test-1728,0.3795027134631391,0.2053937315940857,False
cueconflict-test-7834-test-3716-A_shape_B_texture,images/cueconflict-test-7834-test-3716-A_shape_B_texture.png,dog-car,A_shape_B_texture,dog-car:A_shape_B_texture,dog,car,5,2,test-7834,test-3716,0.4510600372629108,0.1583067327737808,False
cueconflict-test-1552-test-631-A_shape_B_texture,images/cueconflict-test-1552-test-631-A_shape_B_texture.png,dog-car,A_shape_B_texture,dog-car:A_shape_B_texture,dog,car,5,2,test-1552,test-631,0.3435618598357399,0.1551619321107864,False
cueconflict-test-1535-test-1842-A_shape_B_texture,images/cueconflict-test-1535-test-1842-A_shape_B_texture.png,dog-car,A_shape_B_texture,dog-car:A_shape_B_texture,dog,car,5,2,test-1535,test-1842,0.4240719029874646,0.1769211292266845,False
cueconflict-test-6671-test-1762-A_shape_B_texture,images/cueconflict-test-6671-test-1762-A_shape_B_texture.png,dog-car,A_shape_B_texture,dog-car:A_shape_B_texture,dog,car,5,2,test-6671,test-1762,0.3509691077290483,0.1595110893249511,False
cueconflict-test-6767-test-1520-A_shape_B_texture,images/cueconflict-test-6767-test-1520-A_shape_B_texture.png,dog-car,A_shape_B_texture,dog-car:A_shape_B_texture,dog,car,5,2,test-6767,test-1520,0.56474339352678,0.205254778265953,False
cueconflict-test-7423-test-3925-A_shape_B_texture,images/cueconflict-test-7423-test-3925-A_shape_B_texture.png,dog-car,A_shape_B_texture,dog-car:A_shape_B_texture,dog,car,5,2,test-7423,test-3925,0.4399088411666851,0.2082187086343765,False
cueconflict-test-5139-test-6073-A_shape_B_texture,images/cueconflict-test-5139-test-6073-A_shape_B_texture.png,dog-car,A_shape_B_texture,dog-car:A_shape_B_texture,dog,car,5,2,test-5139,test-6073,0.4988262459541416,0.1091383174061775,False
cueconflict-test-3084-test-1520-A_shape_B_texture,images/cueconflict-test-3084-test-1520-A_shape_B_texture.png,dog-car,A_shape_B_texture,dog-car:A_shape_B_texture,dog,car,5,2,test-3084,test-1520,0.5093584015581519,0.2216022759675979,False
cueconflict-test-3027-test-1717-A_shape_B_texture,images/cueconflict-test-3027-test-1717-A_shape_B_texture.png,dog-car,A_shape_B_texture,dog-car:A_shape_B_texture,dog,car,5,2,test-3027,test-1717,0.5144711247058615,0.1042593494057655,False
cueconflict-test-5071-test-5365-A_shape_B_texture,images/cueconflict-test-5071-test-5365-A_shape_B_texture.png,dog-car,A_shape_B_texture,dog-car:A_shape_B_texture,dog,car,5,2,test-5071,test-5365,0.3587862457183384,0.1515035778284073,False
cueconflict-test-1010-test-6981-A_shape_B_texture,images/cueconflict-test-1010-test-6981-A_shape_B_texture.png,dog-car,A_shape_B_texture,dog-car:A_shape_B_texture,dog,car,5,2,test-1010,test-6981,0.3295045394669439,0.2183341234922409,False
cueconflict-test-3027-test-158-A_shape_B_texture,images/cueconflict-test-3027-test-158-A_shape_B_texture.png,dog-car,A_shape_B_texture,dog-car:A_shape_B_texture,dog,car,5,2,test-3027,test-158,0.6074605586381894,0.1802110373973846,False
cueconflict-test-5071-test-1728-A_shape_B_texture,images/cueconflict-test-5071-test-1728-A_shape_B_texture.png,dog-car,A_shape_B_texture,dog-car:A_shape_B_texture,dog,car,5,2,test-5071,test-1728,0.3652972800421724,0.1945217251777649,False
cueconflict-test-3795-test-1762-A_shape_B_texture,images/cueconflict-test-3795-test-1762-A_shape_B_texture.png,dog-car,A_shape_B_texture,dog-car:A_shape_B_texture,dog,car,5,2,test-3795,test-1762,0.4320017556860153,0.1238868609070777,False
cueconflict-test-6376-test-5365-A_shape_B_texture,images/cueconflict-test-6376-test-5365-A_shape_B_texture.png,dog-car,A_shape_B_texture,dog-car:A_shape_B_texture,dog,car,5,2,test-6376,test-5365,0.2823132234755329,0.159941092133522,False
cueconflict-test-6376-test-4960-A_shape_B_texture,images/cueconflict-test-6376-test-4960-A_shape_B_texture.png,dog-car,A_shape_B_texture,dog-car:A_shape_B_texture,dog,car,5,2,test-6376,test-4960,0.3774178218853557,0.1659397333860397,False
cueconflict-test-6210-test-1733-A_shape_B_texture,images/cueconflict-test-6210-test-1733-A_shape_B_texture.png,dog-car,A_shape_B_texture,dog-car:A_shape_B_texture,dog,car,5,2,test-6210,test-1733,0.4308620437124643,0.2185599207878112,False
cueconflict-test-2130-test-5065-A_shape_B_texture,images/cueconflict-test-2130-test-5065-A_shape_B_texture.png,dog-car,A_shape_B_texture,dog-car:A_shape_B_texture,dog,car,5,2,test-2130,test-5065,0.5480516996476863,0.2011656463146209,False
cueconflict-test-6038-test-6370-A_shape_B_texture,images/cueconflict-test-6038-test-6370-A_shape_B_texture.png,dog-car,A_shape_B_texture,dog-car:A_shape_B_texture,dog,car,5,2,test-6038,test-6370,0.36516199041164,0.1864464282989502,False
cueconflict-test-259-test-1520-A_shape_B_texture,images/cueconflict-test-259-test-1520-A_shape_B_texture.png,dog-car,A_shape_B_texture,dog-car:A_shape_B_texture,dog,car,5,2,test-259,test-1520,0.4483925468395321,0.1992422491312027,False
cueconflict-test-1010-test-5716-A_shape_B_texture,images/cueconflict-test-1010-test-5716-A_shape_B_texture.png,dog-car,A_shape_B_texture,dog-car:A_shape_B_texture,dog,car,5,2,test-1010,test-5716,0.3192601543063985,0.2368253022432327,False
cueconflict-test-1373-test-5028-A_shape_B_texture,images/cueconflict-test-1373-test-5028-A_shape_B_texture.png,dog-car,A_shape_B_texture,dog-car:A_shape_B_texture,dog,car,5,2,test-1373,test-5028,0.6382902993941765,0.1882204264402389,False
cueconflict-test-6218-test-1196-A_shape_B_texture,images/cueconflict-test-6218-test-1196-A_shape_B_texture.png,dog-car,A_shape_B_texture,dog-car:A_shape_B_texture,dog,car,5,2,test-6218,test-1196,0.5045221732112046,0.1420347690582275,False
cueconflict-test-5998-test-5365-A_shape_B_texture,images/cueconflict-test-5998-test-5365-A_shape_B_texture.png,dog-car,A_shape_B_texture,dog-car:A_shape_B_texture,dog,car,5,2,test-5998,test-5365,0.3214555690711962,0.1721364110708236,False
cueconflict-test-7834-test-1717-A_shape_B_texture,images/cueconflict-test-7834-test-1717-A_shape_B_texture.png,dog-car,A_shape_B_texture,dog-car:A_shape_B_texture,dog,car,5,2,test-7834,test-1717,0.4107577611846295,0.1070093438029289,False
cueconflict-test-2537-test-4960-A_shape_B_texture,images/cueconflict-test-2537-test-4960-A_shape_B_texture.png,dog-car,A_shape_B_texture,dog-car:A_shape_B_texture,dog,car,5,2,test-2537,test-4960,0.5292408888956166,0.1566099673509597,False
cueconflict-test-6719-test-1851-A_shape_B_texture,images/cueconflict-test-6719-test-1851-A_shape_B_texture.png,dog-car,A_shape_B_texture,dog-car:A_shape_B_texture,dog,car,5,2,test-6719,test-1851,0.375487226024234,0.1725911945104599,False
cueconflict-test-6038-test-6196-A_shape_B_texture,images/cueconflict-test-6038-test-6196-A_shape_B_texture.png,dog-car,A_shape_B_texture,dog-car:A_shape_B_texture,dog,car,5,2,test-6038,test-6196,0.4766838731518417,0.158278077840805,False
cueconflict-test-3084-test-317-A_shape_B_texture,images/cueconflict-test-3084-test-317-A_shape_B_texture.png,dog-car,A_shape_B_texture,dog-car:A_shape_B_texture,dog,car,5,2,test-3084,test-317,0.3860380046401048,0.1670914888381958,False
cueconflict-test-3027-test-3349-A_shape_B_texture,images/cueconflict-test-3027-test-3349-A_shape_B_texture.png,dog-car,A_shape_B_texture,dog-car:A_shape_B_texture,dog,car,5,2,test-3027,test-3349,0.5665006942272011,0.1694718152284622,False
cueconflict-test-3084-test-1717-A_shape_B_texture,images/cueconflict-test-3084-test-1717-A_shape_B_texture.png,dog-car,A_shape_B_texture,dog-car:A_shape_B_texture,dog,car,5,2,test-3084,test-1717,0.3511528534578829,0.1108814030885696,False
cueconflict-test-6719-test-7433-A_shape_B_texture,images/cueconflict-test-6719-test-7433-A_shape_B_texture.png,dog-car,A_shape_B_texture,dog-car:A_shape_B_texture,dog,car,5,2,test-6719,test-7433,0.3747535795636945,0.1984413117170334,False
cueconflict-test-1600-test-865-A_shape_B_texture,images/cueconflict-test-1600-test-865-A_shape_B_texture.png,dog-car,A_shape_B_texture,dog-car:A_shape_B_texture,dog,car,5,2,test-1600,test-865,0.4585580823294776,0.2100055664777755,False
cueconflict-test-845-test-3852-B_shape_A_texture,images/cueconflict-test-845-test-3852-B_shape_A_texture.png,dog-car,B_shape_A_texture,dog-car:B_shape_A_texture,car,dog,2,5,test-845,test-3852,0.4055161852035673,0.2104964256286621,False
cueconflict-test-1728-test-2537-B_shape_A_texture,images/cueconflict-test-1728-test-2537-B_shape_A_texture.png,dog-car,B_shape_A_texture,dog-car:B_shape_A_texture,car,dog,2,5,test-1728,test-2537,0.3347871793942206,0.1708345562219619,False
cueconflict-test-865-test-2130-B_shape_A_texture,images/cueconflict-test-865-test-2130-B_shape_A_texture.png,dog-car,B_shape_A_texture,dog-car:B_shape_A_texture,car,dog,2,5,test-865,test-2130,0.5041540664404299,0.1588466465473175,False
cueconflict-test-1733-test-5507-B_shape_A_texture,images/cueconflict-test-1733-test-5507-B_shape_A_texture.png,dog-car,B_shape_A_texture,dog-car:B_shape_A_texture,car,dog,2,5,test-1733,test-5507,0.3302739555369518,0.1881393790245056,False
cueconflict-test-895-test-1911-B_shape_A_texture,images/cueconflict-test-895-test-1911-B_shape_A_texture.png,dog-car,B_shape_A_texture,dog-car:B_shape_A_texture,car,dog,2,5,test-895,test-1911,0.4379640927484392,0.2257077693939209,False
cueconflict-test-631-test-5611-B_shape_A_texture,images/cueconflict-test-631-test-5611-B_shape_A_texture.png,dog-car,B_shape_A_texture,dog-car:B_shape_A_texture,car,dog,2,5,test-631,test-5611,0.5771217459142352,0.1882105767726898,False
cueconflict-test-6268-test-3743-B_shape_A_texture,images/cueconflict-test-6268-test-3743-B_shape_A_texture.png,dog-car,B_shape_A_texture,dog-car:B_shape_A_texture,car,dog,2,5,test-6268,test-3743,0.3732634919014327,0.1865194737911224,False
cueconflict-test-4696-test-1027-B_shape_A_texture,images/cueconflict-test-4696-test-1027-B_shape_A_texture.png,dog-car,B_shape_A_texture,dog-car:B_shape_A_texture,car,dog,2,5,test-4696,test-1027,0.4269911536797884,0.1221819221973419,False
cueconflict-test-1293-test-2477-B_shape_A_texture,images/cueconflict-test-1293-test-2477-B_shape_A_texture.png,dog-car,B_shape_A_texture,dog-car:B_shape_A_texture,car,dog,2,5,test-1293,test-2477,0.3261950322929635,0.1605789363384246,False
cueconflict-test-5614-test-4626-B_shape_A_texture,images/cueconflict-test-5614-test-4626-B_shape_A_texture.png,dog-car,B_shape_A_texture,dog-car:B_shape_A_texture,car,dog,2,5,test-5614,test-4626,0.2763448096650294,0.1552528887987136,False
cueconflict-test-7100-test-2130-B_shape_A_texture,images/cueconflict-test-7100-test-2130-B_shape_A_texture.png,dog-car,B_shape_A_texture,dog-car:B_shape_A_texture,car,dog,2,5,test-7100,test-2130,0.3742110963492564,0.152603417634964,False
cueconflict-test-5028-test-3743-B_shape_A_texture,images/cueconflict-test-5028-test-3743-B_shape_A_texture.png,dog-car,B_shape_A_texture,dog-car:B_shape_A_texture,car,dog,2,5,test-5028,test-3743,0.5126016241944149,0.1915928423404693,False
cueconflict-test-6268-test-6218-B_shape_A_texture,images/cueconflict-test-6268-test-6218-B_shape_A_texture.png,dog-car,B_shape_A_texture,dog-car:B_shape_A_texture,car,dog,2,5,test-6268,test-6218,0.3369423066853501,0.1830650418996811,False
cueconflict-test-631-test-5071-B_shape_A_texture,images/cueconflict-test-631-test-5071-B_shape_A_texture.png,dog-car,B_shape_A_texture,dog-car:B_shape_A_texture,car,dog,2,5,test-631,test-5071,0.4559821527904972,0.1332388371229171,False
cueconflict-test-4465-test-6700-B_shape_A_texture,images/cueconflict-test-4465-test-6700-B_shape_A_texture.png,dog-car,B_shape_A_texture,dog-car:B_shape_A_texture,car,dog,2,5,test-4465,test-6700,0.4774597063187145,0.1728204190731048,False
cueconflict-test-1842-test-3084-B_shape_A_texture,images/cueconflict-test-1842-test-3084-B_shape_A_texture.png,dog-car,B_shape_A_texture,dog-car:B_shape_A_texture,car,dog,2,5,test-1842,test-3084,0.2987502720620996,0.1962340772151947,False
cueconflict-test-4028-test-1027-B_shape_A_texture,images/cueconflict-test-4028-test-1027-B_shape_A_texture.png,dog-car,B_shape_A_texture,dog-car:B_shape_A_texture,car,dog,2,5,test-4028,test-1027,0.3057410728074338,0.1342964023351669,False
cueconflict-test-3716-test-5611-B_shape_A_texture,images/cueconflict-test-3716-test-5611-B_shape_A_texture.png,dog-car,B_shape_A_texture,dog-car:B_shape_A_texture,car,dog,2,5,test-3716,test-5611,0.3992259744744382,0.1575259864330291,False
cueconflict-test-7151-test-97-B_shape_A_texture,images/cueconflict-test-7151-test-97-B_shape_A_texture.png,dog-car,B_shape_A_texture,dog-car:B_shape_A_texture,car,dog,2,5,test-7151,test-97,0.4672411356868617,0.1982101798057556,False
cueconflict-test-6981-test-97-B_shape_A_texture,images/cueconflict-test-6981-test-97-B_shape_A_texture.png,dog-car,B_shape_A_texture,dog-car:B_shape_A_texture,car,dog,2,5,test-6981,test-97,0.4424221271322729,0.1994819641113281,False
cueconflict-test-317-test-2477-B_shape_A_texture,images/cueconflict-test-317-test-2477-B_shape_A_texture.png,dog-car,B_shape_A_texture,dog-car:B_shape_A_texture,car,dog,2,5,test-317,test-2477,0.2315559180162235,0.1680636554956436,False
cueconflict-test-158-test-573-B_shape_A_texture,images/cueconflict-test-158-test-573-B_shape_A_texture.png,dog-car,B_shape_A_texture,dog-car:B_shape_A_texture,car,dog,2,5,test-158,test-573,0.3539696982765571,0.0798426046967506,False
cueconflict-test-524-test-1010-B_shape_A_texture,images/cueconflict-test-524-test-1010-B_shape_A_texture.png,dog-car,B_shape_A_texture,dog-car:B_shape_A_texture,car,dog,2,5,test-524,test-1010,0.386334047656622,0.188028484582901,False
cueconflict-test-865-test-3743-B_shape_A_texture,images/cueconflict-test-865-test-3743-B_shape_A_texture.png,dog-car,B_shape_A_texture,dog-car:B_shape_A_texture,car,dog,2,5,test-865,test-3743,0.381798142927472,0.1989104002714157,False
cueconflict-test-74-test-3027-B_shape_A_texture,images/cueconflict-test-74-test-3027-B_shape_A_texture.png,dog-car,B_shape_A_texture,dog-car:B_shape_A_texture,car,dog,2,5,test-74,test-3027,0.5353210026587462,0.1631286591291427,False
cueconflict-test-1842-test-7331-B_shape_A_texture,images/cueconflict-test-1842-test-7331-B_shape_A_texture.png,dog-car,B_shape_A_texture,dog-car:B_shape_A_texture,car,dog,2,5,test-1842,test-7331,0.3831081570932586,0.1650477349758148,False
cueconflict-test-845-test-1010-B_shape_A_texture,images/cueconflict-test-845-test-1010-B_shape_A_texture.png,dog-car,B_shape_A_texture,dog-car:B_shape_A_texture,car,dog,2,5,test-845,test-1010,0.3694518424595615,0.208961620926857,False
cueconflict-test-6196-test-7074-B_shape_A_texture,images/cueconflict-test-6196-test-7074-B_shape_A_texture.png,dog-car,B_shape_A_texture,dog-car:B_shape_A_texture,car,dog,2,5,test-6196,test-7074,0.3813258547434199,0.1414463073015213,False
cueconflict-test-74-test-5611-B_shape_A_texture,images/cueconflict-test-74-test-5611-B_shape_A_texture.png,dog-car,B_shape_A_texture,dog-car:B_shape_A_texture,car,dog,2,5,test-74,test-5611,0.4966271727322085,0.1582972705364227,False
cueconflict-test-524-test-5507-B_shape_A_texture,images/cueconflict-test-524-test-5507-B_shape_A_texture.png,dog-car,B_shape_A_texture,dog-car:B_shape_A_texture,car,dog,2,5,test-524,test-5507,0.2886023207343229,0.1839504241943359,False
cueconflict-test-4960-test-1822-B_shape_A_texture,images/cueconflict-test-4960-test-1822-B_shape_A_texture.png,dog-car,B_shape_A_texture,dog-car:B_shape_A_texture,car,dog,2,5,test-4960,test-1822,0.4647800140867894,0.195999726653099,False
cueconflict-test-895-test-4862-B_shape_A_texture,images/cueconflict-test-895-test-4862-B_shape_A_texture.png,dog-car,B_shape_A_texture,dog-car:B_shape_A_texture,car,dog,2,5,test-895,test-4862,0.4316271001083876,0.1457902640104293,False
cueconflict-test-3716-test-573-B_shape_A_texture,images/cueconflict-test-3716-test-573-B_shape_A_texture.png,dog-car,B_shape_A_texture,dog-car:B_shape_A_texture,car,dog,2,5,test-3716,test-573,0.4565384487812841,0.0632921382784843,False
cueconflict-test-3716-test-1010-B_shape_A_texture,images/cueconflict-test-3716-test-1010-B_shape_A_texture.png,dog-car,B_shape_A_texture,dog-car:B_shape_A_texture,car,dog,2,5,test-3716,test-1010,0.3817488798753566,0.1713173389434814,False
cueconflict-test-7433-test-6719-B_shape_A_texture,images/cueconflict-test-7433-test-6719-B_shape_A_texture.png,dog-car,B_shape_A_texture,dog-car:B_shape_A_texture,car,dog,2,5,test-7433,test-6719,0.3742138445356588,0.2104701101779937,False
cueconflict-test-6073-test-5071-B_shape_A_texture,images/cueconflict-test-6073-test-5071-B_shape_A_texture.png,dog-car,B_shape_A_texture,dog-car:B_shape_A_texture,car,dog,2,5,test-6073,test-5071,0.2350118628792257,0.1134977266192436,False
cueconflict-test-5065-test-6719-B_shape_A_texture,images/cueconflict-test-5065-test-6719-B_shape_A_texture.png,dog-car,B_shape_A_texture,dog-car:B_shape_A_texture,car,dog,2,5,test-5065,test-6719,0.2945477553989317,0.2087791562080383,False
cueconflict-test-5028-test-7834-B_shape_A_texture,images/cueconflict-test-5028-test-7834-B_shape_A_texture.png,dog-car,B_shape_A_texture,dog-car:B_shape_A_texture,car,dog,2,5,test-5028,test-7834,0.524214563083823,0.1930023729801178,False
cueconflict-test-7697-test-7423-B_shape_A_texture,images/cueconflict-test-7697-test-7423-B_shape_A_texture.png,dog-car,B_shape_A_texture,dog-car:B_shape_A_texture,car,dog,2,5,test-7697,test-7423,0.3006817586964702,0.1678778976202011,False
cueconflict-test-5716-test-3852-B_shape_A_texture,images/cueconflict-test-5716-test-3852-B_shape_A_texture.png,dog-car,B_shape_A_texture,dog-car:B_shape_A_texture,car,dog,2,5,test-5716,test-3852,0.2747738439350037,0.2013037204742431,False
cueconflict-test-6576-test-1761-A_shape_B_texture,images/cueconflict-test-6576-test-1761-A_shape_B_texture.png,horse-airplane,A_shape_B_texture,horse-airplane:A_shape_B_texture,horse,airplane,6,0,test-6576,test-1761,0.4373081815260626,0.1336365491151809,False
cueconflict-test-6233-test-867-A_shape_B_texture,images/cueconflict-test-6233-test-867-A_shape_B_texture.png,horse-airplane,A_shape_B_texture,horse-airplane:A_shape_B_texture,horse,airplane,6,0,test-6233,test-867,0.2951587215690096,0.1645175218582153,False
cueconflict-test-4347-test-6814-A_shape_B_texture,images/cueconflict-test-4347-test-6814-A_shape_B_texture.png,horse-airplane,A_shape_B_texture,horse-airplane:A_shape_B_texture,horse,airplane,6,0,test-4347,test-6814,0.3314820436094611,0.1918776929378509,False
cueconflict-test-7075-test-6760-A_shape_B_texture,images/cueconflict-test-7075-test-6760-A_shape_B_texture.png,horse-airplane,A_shape_B_texture,horse-airplane:A_shape_B_texture,horse,airplane,6,0,test-7075,test-6760,0.3541960090535328,0.1934307962656021,False
cueconflict-test-4153-test-7432-A_shape_B_texture,images/cueconflict-test-4153-test-7432-A_shape_B_texture.png,horse-airplane,A_shape_B_texture,horse-airplane:A_shape_B_texture,horse,airplane,6,0,test-4153,test-7432,0.3560701843684469,0.1077061221003532,False
cueconflict-test-6238-test-482-A_shape_B_texture,images/cueconflict-test-6238-test-482-A_shape_B_texture.png,horse-airplane,A_shape_B_texture,horse-airplane:A_shape_B_texture,horse,airplane,6,0,test-6238,test-482,0.2945865644370629,0.1937710046768188,False
cueconflict-test-7722-test-6760-A_shape_B_texture,images/cueconflict-test-7722-test-6760-A_shape_B_texture.png,horse-airplane,A_shape_B_texture,horse-airplane:A_shape_B_texture,horse,airplane,6,0,test-7722,test-6760,0.349937018926038,0.1928882896900177,False
cueconflict-test-355-test-2518-A_shape_B_texture,images/cueconflict-test-355-test-2518-A_shape_B_texture.png,horse-airplane,A_shape_B_texture,horse-airplane:A_shape_B_texture,horse,airplane,6,0,test-355,test-2518,0.3271656878453482,0.1589785367250442,False
cueconflict-test-4519-test-3306-A_shape_B_texture,images/cueconflict-test-4519-test-3306-A_shape_B_texture.png,horse-airplane,A_shape_B_texture,horse-airplane:A_shape_B_texture,horse,airplane,6,0,test-4519,test-3306,0.4921993726815974,0.1920147687196731,False
cueconflict-test-1034-test-6814-A_shape_B_texture,images/cueconflict-test-1034-test-6814-A_shape_B_texture.png,horse-airplane,A_shape_B_texture,horse-airplane:A_shape_B_texture,horse,airplane,6,0,test-1034,test-6814,0.2672105694337889,0.1814624965190887,False
cueconflict-test-5812-test-1201-A_shape_B_texture,images/cueconflict-test-5812-test-1201-A_shape_B_texture.png,horse-airplane,A_shape_B_texture,horse-airplane:A_shape_B_texture,horse,airplane,6,0,test-5812,test-1201,0.4295332182960518,0.1318804323673248,False
cueconflict-test-1803-test-5178-A_shape_B_texture,images/cueconflict-test-1803-test-5178-A_shape_B_texture.png,horse-airplane,A_shape_B_texture,horse-airplane:A_shape_B_texture,horse,airplane,6,0,test-1803,test-5178,0.3240554164689304,0.1815055310726165,False
cueconflict-test-1838-test-2288-A_shape_B_texture,images/cueconflict-test-1838-test-2288-A_shape_B_texture.png,horse-airplane,A_shape_B_texture,horse-airplane:A_shape_B_texture,horse,airplane,6,0,test-1838,test-2288,0.4183270873420522,0.137483149766922,False
cueconflict-test-4875-test-1548-A_shape_B_texture,images/cueconflict-test-4875-test-1548-A_shape_B_texture.png,horse-airplane,A_shape_B_texture,horse-airplane:A_shape_B_texture,horse,airplane,6,0,test-4875,test-1548,0.4531659534180223,0.2011371254920959,False
cueconflict-test-2878-test-502-A_shape_B_texture,images/cueconflict-test-2878-test-502-A_shape_B_texture.png,horse-airplane,A_shape_B_texture,horse-airplane:A_shape_B_texture,horse,airplane,6,0,test-2878,test-502,0.4264236691372514,0.1452775448560714,False
cueconflict-test-6329-test-867-A_shape_B_texture,images/cueconflict-test-6329-test-867-A_shape_B_texture.png,horse-airplane,A_shape_B_texture,horse-airplane:A_shape_B_texture,horse,airplane,6,0,test-6329,test-867,0.1544035680405533,0.1602543741464615,False
cueconflict-test-2430-test-1909-A_shape_B_texture,images/cueconflict-test-2430-test-1909-A_shape_B_texture.png,horse-airplane,A_shape_B_texture,horse-airplane:A_shape_B_texture,horse,airplane,6,0,test-2430,test-1909,0.3836045254022912,0.2024775594472885,False
cueconflict-test-355-test-11-A_shape_B_texture,images/cueconflict-test-355-test-11-A_shape_B_texture.png,horse-airplane,A_shape_B_texture,horse-airplane:A_shape_B_texture,horse,airplane,6,0,test-355,test-11,0.3370322819612186,0.1526734232902526,False
cueconflict-test-5854-test-2809-A_shape_B_texture,images/cueconflict-test-5854-test-2809-A_shape_B_texture.png,horse-airplane,A_shape_B_texture,horse-airplane:A_shape_B_texture,horse,airplane,6,0,test-5854,test-2809,0.3940881901513611,0.1767243146896362,False
cueconflict-test-2163-test-6189-A_shape_B_texture,images/cueconflict-test-2163-test-6189-A_shape_B_texture.png,horse-airplane,A_shape_B_texture,horse-airplane:A_shape_B_texture,horse,airplane,6,0,test-2163,test-6189,0.2474891581969306,0.1543192118406295,False
cueconflict-test-7072-test-2838-A_shape_B_texture,images/cueconflict-test-7072-test-2838-A_shape_B_texture.png,horse-airplane,A_shape_B_texture,horse-airplane:A_shape_B_texture,horse,airplane,6,0,test-7072,test-2838,0.2564173416868048,0.1876680999994278,False
cueconflict-test-4369-test-1909-A_shape_B_texture,images/cueconflict-test-4369-test-1909-A_shape_B_texture.png,horse-airplane,A_shape_B_texture,horse-airplane:A_shape_B_texture,horse,airplane,6,0,test-4369,test-1909,0.6530544240210625,0.2024943828582763,False
cueconflict-test-7075-test-11-A_shape_B_texture,images/cueconflict-test-7075-test-11-A_shape_B_texture.png,horse-airplane,A_shape_B_texture,horse-airplane:A_shape_B_texture,horse,airplane,6,0,test-7075,test-11,0.312048664408651,0.1553583294153213,False
cueconflict-test-4148-test-4218-A_shape_B_texture,images/cueconflict-test-4148-test-4218-A_shape_B_texture.png,horse-airplane,A_shape_B_texture,horse-airplane:A_shape_B_texture,horse,airplane,6,0,test-4148,test-4218,0.407972058362523,0.1289039701223373,False
cueconflict-test-7511-test-2518-A_shape_B_texture,images/cueconflict-test-7511-test-2518-A_shape_B_texture.png,horse-airplane,A_shape_B_texture,horse-airplane:A_shape_B_texture,horse,airplane,6,0,test-7511,test-2518,0.4442686042059585,0.1569565236568451,False
cueconflict-test-6233-test-1201-A_shape_B_texture,images/cueconflict-test-6233-test-1201-A_shape_B_texture.png,horse-airplane,A_shape_B_texture,horse-airplane:A_shape_B_texture,horse,airplane,6,0,test-6233,test-1201,0.3211593020828338,0.1302898824214935,False
cueconflict-test-4369-test-7788-A_shape_B_texture,images/cueconflict-test-4369-test-7788-A_shape_B_texture.png,horse-airplane,A_shape_B_texture,horse-airplane:A_shape_B_texture,horse,airplane,6,0,test-4369,test-7788,0.6664084765040532,0.1898238509893417,False
cueconflict-test-2163-test-4427-A_shape_B_texture,images/cueconflict-test-2163-test-4427-A_shape_B_texture.png,horse-airplane,A_shape_B_texture,horse-airplane:A_shape_B_texture,horse,airplane,6,0,test-2163,test-4427,0.2711948826894541,0.1288975179195404,False
cueconflict-test-5812-test-6523-A_shape_B_texture,images/cueconflict-test-5812-test-6523-A_shape_B_texture.png,horse-airplane,A_shape_B_texture,horse-airplane:A_shape_B_texture,horse,airplane,6,0,test-5812,test-6523,0.4692638203836571,0.1959435194730758,False
cueconflict-test-2561-test-7788-A_shape_B_texture,images/cueconflict-test-2561-test-7788-A_shape_B_texture.png,horse-airplane,A_shape_B_texture,horse-airplane:A_shape_B_texture,horse,airplane,6,0,test-2561,test-7788,0.4928726791342832,0.1824820786714553,False
cueconflict-test-4347-test-1761-A_shape_B_texture,images/cueconflict-test-4347-test-1761-A_shape_B_texture.png,horse-airplane,A_shape_B_texture,horse-airplane:A_shape_B_texture,horse,airplane,6,0,test-4347,test-1761,0.4103490236709447,0.1142740473151207,False
cueconflict-test-770-test-4624-A_shape_B_texture,images/cueconflict-test-770-test-4624-A_shape_B_texture.png,horse-airplane,A_shape_B_texture,horse-airplane:A_shape_B_texture,horse,airplane,6,0,test-770,test-4624,0.3991704906725749,0.1205947995185852,False
cueconflict-test-559-test-844-A_shape_B_texture,images/cueconflict-test-559-test-844-A_shape_B_texture.png,horse-airplane,A_shape_B_texture,horse-airplane:A_shape_B_texture,horse,airplane,6,0,test-559,test-844,0.3701952477849553,0.1450398564338684,False
cueconflict-test-6361-test-2463-A_shape_B_texture,images/cueconflict-test-6361-test-2463-A_shape_B_texture.png,horse-airplane,A_shape_B_texture,horse-airplane:A_shape_B_texture,horse,airplane,6,0,test-6361,test-2463,0.4163399377374488,0.1154491975903511,False
cueconflict-test-7075-test-5407-A_shape_B_texture,images/cueconflict-test-7075-test-5407-A_shape_B_texture.png,horse-airplane,A_shape_B_texture,horse-airplane:A_shape_B_texture,horse,airplane,6,0,test-7075,test-5407,0.3115625078913857,0.1507632434368133,False
cueconflict-test-2855-test-2838-A_shape_B_texture,images/cueconflict-test-2855-test-2838-A_shape_B_texture.png,horse-airplane,A_shape_B_texture,horse-airplane:A_shape_B_texture,horse,airplane,6,0,test-2855,test-2838,0.4458581921735051,0.1991676241159439,False
cueconflict-test-770-test-2463-A_shape_B_texture,images/cueconflict-test-770-test-2463-A_shape_B_texture.png,horse-airplane,A_shape_B_texture,horse-airplane:A_shape_B_texture,horse,airplane,6,0,test-770,test-2463,0.4540711256862066,0.1334056109189987,False
cueconflict-test-1923-test-4159-A_shape_B_texture,images/cueconflict-test-1923-test-4159-A_shape_B_texture.png,horse-airplane,A_shape_B_texture,horse-airplane:A_shape_B_texture,horse,airplane,6,0,test-1923,test-4159,0.4433091729300258,0.1366026550531387,False
cueconflict-test-1034-test-4159-A_shape_B_texture,images/cueconflict-test-1034-test-4159-A_shape_B_texture.png,horse-airplane,A_shape_B_texture,horse-airplane:A_shape_B_texture,horse,airplane,6,0,test-1034,test-4159,0.3354706640962688,0.1341263800859451,False
cueconflict-test-4369-test-5178-A_shape_B_texture,images/cueconflict-test-4369-test-5178-A_shape_B_texture.png,horse-airplane,A_shape_B_texture,horse-airplane:A_shape_B_texture,horse,airplane,6,0,test-4369,test-5178,0.6007185586822881,0.1739106178283691,False
cueconflict-test-5973-test-4369-B_shape_A_texture,images/cueconflict-test-5973-test-4369-B_shape_A_texture.png,horse-airplane,B_shape_A_texture,horse-airplane:B_shape_A_texture,airplane,horse,0,6,test-5973,test-4369,0.613203519310784,0.109193742275238,False
cueconflict-test-6087-test-3628-B_shape_A_texture,images/cueconflict-test-6087-test-3628-B_shape_A_texture.png,horse-airplane,B_shape_A_texture,horse-airplane:B_shape_A_texture,airplane,horse,0,6,test-6087,test-3628,0.4579048836752267,0.1657605618238449,False
cueconflict-test-4900-test-327-B_shape_A_texture,images/cueconflict-test-4900-test-327-B_shape_A_texture.png,horse-airplane,B_shape_A_texture,horse-airplane:B_shape_A_texture,airplane,horse,0,6,test-4900,test-327,0.4631367574525614,0.1192356869578361,False
cueconflict-test-7257-test-6233-B_shape_A_texture,images/cueconflict-test-7257-test-6233-B_shape_A_texture.png,horse-airplane,B_shape_A_texture,horse-airplane:B_shape_A_texture,airplane,horse,0,6,test-7257,test-6233,0.3843025719676329,0.2214593142271042,False
cueconflict-test-5948-test-4153-B_shape_A_texture,images/cueconflict-test-5948-test-4153-B_shape_A_texture.png,horse-airplane,B_shape_A_texture,horse-airplane:B_shape_A_texture,airplane,horse,0,6,test-5948,test-4153,0.5028550605125145,0.133158266544342,False
cueconflict-test-6814-test-5854-B_shape_A_texture,images/cueconflict-test-6814-test-5854-B_shape_A_texture.png,horse-airplane,B_shape_A_texture,horse-airplane:B_shape_A_texture,airplane,horse,0,6,test-6814,test-5854,0.4747005592928123,0.1643925756216049,False
cueconflict-test-4159-test-7555-B_shape_A_texture,images/cueconflict-test-4159-test-7555-B_shape_A_texture.png,horse-airplane,B_shape_A_texture,horse-airplane:B_shape_A_texture,airplane,horse,0,6,test-4159,test-7555,0.4412917315675104,0.194830983877182,False
cueconflict-test-1917-test-6576-B_shape_A_texture,images/cueconflict-test-1917-test-6576-B_shape_A_texture.png,horse-airplane,B_shape_A_texture,horse-airplane:B_shape_A_texture,airplane,horse,0,6,test-1917,test-6576,0.5400195995433974,0.1496831625699997,False
cueconflict-test-2838-test-7722-B_shape_A_texture,images/cueconflict-test-2838-test-7722-B_shape_A_texture.png,horse-airplane,B_shape_A_texture,horse-airplane:B_shape_A_texture,airplane,horse,0,6,test-2838,test-7722,0.4314834082822635,0.176269844174385,False
cueconflict-test-2809-test-6238-B_shape_A_texture,images/cueconflict-test-2809-test-6238-B_shape_A_texture.png,horse-airplane,B_shape_A_texture,horse-airplane:B_shape_A_texture,airplane,horse,0,6,test-2809,test-6238,0.3986010344183666,0.1404638886451721,False
cueconflict-test-844-test-559-B_shape_A_texture,images/cueconflict-test-844-test-559-B_shape_A_texture.png,horse-airplane,B_shape_A_texture,horse-airplane:B_shape_A_texture,airplane,horse,0,6,test-844,test-559,0.3030878609961069,0.1423598080873489,False
cueconflict-test-2838-test-1923-B_shape_A_texture,images/cueconflict-test-2838-test-1923-B_shape_A_texture.png,horse-airplane,B_shape_A_texture,horse-airplane:B_shape_A_texture,airplane,horse,0,6,test-2838,test-1923,0.4313422890823616,0.1480745822191238,False
cueconflict-test-2217-test-5391-B_shape_A_texture,images/cueconflict-test-2217-test-5391-B_shape_A_texture.png,horse-airplane,B_shape_A_texture,horse-airplane:B_shape_A_texture,airplane,horse,0,6,test-2217,test-5391,0.5047848233613849,0.1684704720973968,False
cueconflict-test-1748-test-6154-B_shape_A_texture,images/cueconflict-test-1748-test-6154-B_shape_A_texture.png,horse-airplane,B_shape_A_texture,horse-airplane:B_shape_A_texture,airplane,horse,0,6,test-1748,test-6154,0.539378166413467,0.1527259051799774,False
cueconflict-test-3110-test-7511-B_shape_A_texture,images/cueconflict-test-3110-test-7511-B_shape_A_texture.png,horse-airplane,B_shape_A_texture,horse-airplane:B_shape_A_texture,airplane,horse,0,6,test-3110,test-7511,0.4937267179035562,0.1534593403339386,False
cueconflict-test-7373-test-2430-B_shape_A_texture,images/cueconflict-test-7373-test-2430-B_shape_A_texture.png,horse-airplane,B_shape_A_texture,horse-airplane:B_shape_A_texture,airplane,horse,0,6,test-7373,test-2430,0.2942073083201913,0.1638377904891967,False
cueconflict-test-5178-test-2658-B_shape_A_texture,images/cueconflict-test-5178-test-2658-B_shape_A_texture.png,horse-airplane,B_shape_A_texture,horse-airplane:B_shape_A_texture,airplane,horse,0,6,test-5178,test-2658,0.4647946930700689,0.1869807839393615,False
cueconflict-test-7257-test-4153-B_shape_A_texture,images/cueconflict-test-7257-test-4153-B_shape_A_texture.png,horse-airplane,B_shape_A_texture,horse-airplane:B_shape_A_texture,airplane,horse,0,6,test-7257,test-4153,0.4459259118692812,0.1567082852125167,False
cueconflict-test-2288-test-1923-B_shape_A_texture,images/cueconflict-test-2288-test-1923-B_shape_A_texture.png,horse-airplane,B_shape_A_texture,horse-airplane:B_shape_A_texture,airplane,horse,0,6,test-2288,test-1923,0.3763210892759978,0.1448274403810501,False
cueconflict-test-3869-test-1838-B_shape_A_texture,images/cueconflict-test-3869-test-1838-B_shape_A_texture.png,horse-airplane,B_shape_A_texture,horse-airplane:B_shape_A_texture,airplane,horse,0,6,test-3869,test-1838,0.5564766506831236,0.2081193625926971,False
cueconflict-test-1909-test-770-B_shape_A_texture,images/cueconflict-test-1909-test-770-B_shape_A_texture.png,horse-airplane,B_shape_A_texture,horse-airplane:B_shape_A_texture,airplane,horse,0,6,test-1909,test-770,0.3142916009466184,0.127374991774559,False
cueconflict-test-3671-test-914-B_shape_A_texture,images/cueconflict-test-3671-test-914-B_shape_A_texture.png,horse-airplane,B_shape_A_texture,horse-airplane:B_shape_A_texture,airplane,horse,0,6,test-3671,test-914,0.5997463372708142,0.1515060812234878,False
cueconflict-test-6087-test-6576-B_shape_A_texture,images/cueconflict-test-6087-test-6576-B_shape_A_texture.png,horse-airplane,B_shape_A_texture,horse-airplane:B_shape_A_texture,airplane,horse,0,6,test-6087,test-6576,0.62241090552505,0.1686683595180511,False
cueconflict-test-5178-test-4253-B_shape_A_texture,images/cueconflict-test-5178-test-4253-B_shape_A_texture.png,horse-airplane,B_shape_A_texture,horse-airplane:B_shape_A_texture,airplane,horse,0,6,test-5178,test-4253,0.5126375426804362,0.1594122797250747,False
cueconflict-test-867-test-2163-B_shape_A_texture,images/cueconflict-test-867-test-2163-B_shape_A_texture.png,horse-airplane,B_shape_A_texture,horse-airplane:B_shape_A_texture,airplane,horse,0,6,test-867,test-2163,0.4608284686260986,0.1279615461826324,False
cueconflict-test-6087-test-3638-B_shape_A_texture,images/cueconflict-test-6087-test-3638-B_shape_A_texture.png,horse-airplane,B_shape_A_texture,horse-airplane:B_shape_A_texture,airplane,horse,0,6,test-6087,test-3638,0.4824061179711151,0.1629783064126968,False
cueconflict-test-2518-test-4875-B_shape_A_texture,images/cueconflict-test-2518-test-4875-B_shape_A_texture.png,horse-airplane,B_shape_A_texture,horse-airplane:B_shape_A_texture,airplane,horse,0,6,test-2518,test-4875,0.4029350243207388,0.1980381160974502,False
cueconflict-test-3047-test-4253-B_shape_A_texture,images/cueconflict-test-3047-test-4253-B_shape_A_texture.png,horse-airplane,B_shape_A_texture,horse-airplane:B_shape_A_texture,airplane,horse,0,6,test-3047,test-4253,0.4546134139005591,0.1579952836036682,False
cueconflict-test-7788-test-6051-B_shape_A_texture,images/cueconflict-test-7788-test-6051-B_shape_A_texture.png,horse-airplane,B_shape_A_texture,horse-airplane:B_shape_A_texture,airplane,horse,0,6,test-7788,test-6051,0.4143148534014949,0.1203333735466003,False
cueconflict-test-7788-test-5854-B_shape_A_texture,images/cueconflict-test-7788-test-5854-B_shape_A_texture.png,horse-airplane,B_shape_A_texture,horse-airplane:B_shape_A_texture,airplane,horse,0,6,test-7788,test-5854,0.397953948780799,0.1629113107919693,False
cueconflict-test-6814-test-3628-B_shape_A_texture,images/cueconflict-test-6814-test-3628-B_shape_A_texture.png,horse-airplane,B_shape_A_texture,horse-airplane:B_shape_A_texture,airplane,horse,0,6,test-6814,test-3628,0.4833146570849109,0.1660513132810592,False
cueconflict-test-2518-test-2430-B_shape_A_texture,images/cueconflict-test-2518-test-2430-B_shape_A_texture.png,horse-airplane,B_shape_A_texture,horse-airplane:B_shape_A_texture,airplane,horse,0,6,test-2518,test-2430,0.4289122349793709,0.1279119998216629,False
cueconflict-test-1748-test-7511-B_shape_A_texture,images/cueconflict-test-1748-test-7511-B_shape_A_texture.png,horse-airplane,B_shape_A_texture,horse-airplane:B_shape_A_texture,airplane,horse,0,6,test-1748,test-7511,0.5506895783309731,0.1316294074058532,False
cueconflict-test-2518-test-1923-B_shape_A_texture,images/cueconflict-test-2518-test-1923-B_shape_A_texture.png,horse-airplane,B_shape_A_texture,horse-airplane:B_shape_A_texture,airplane,horse,0,6,test-2518,test-1923,0.4161662221254939,0.1319951117038726,False
cueconflict-test-1917-test-1803-B_shape_A_texture,images/cueconflict-test-1917-test-1803-B_shape_A_texture.png,horse-airplane,B_shape_A_texture,horse-airplane:B_shape_A_texture,airplane,horse,0,6,test-1917,test-1803,0.4610652625936008,0.1558537632226944,False
cueconflict-test-5407-test-6154-B_shape_A_texture,images/cueconflict-test-5407-test-6154-B_shape_A_texture.png,horse-airplane,B_shape_A_texture,horse-airplane:B_shape_A_texture,airplane,horse,0,6,test-5407,test-6154,0.4464426061327743,0.222185268998146,False
cueconflict-test-6523-test-6154-B_shape_A_texture,images/cueconflict-test-6523-test-6154-B_shape_A_texture.png,horse-airplane,B_shape_A_texture,horse-airplane:B_shape_A_texture,airplane,horse,0,6,test-6523,test-6154,0.3894067889222112,0.1493817716836929,False
cueconflict-test-4427-test-1034-B_shape_A_texture,images/cueconflict-test-4427-test-1034-B_shape_A_texture.png,horse-airplane,B_shape_A_texture,horse-airplane:B_shape_A_texture,airplane,horse,0,6,test-4427,test-1034,0.3603099520476066,0.1783424764871597,False
cueconflict-test-844-test-7555-B_shape_A_texture,images/cueconflict-test-844-test-7555-B_shape_A_texture.png,horse-airplane,B_shape_A_texture,horse-airplane:B_shape_A_texture,airplane,horse,0,6,test-844,test-7555,0.3399650983334617,0.1865705251693725,False
cueconflict-test-6814-test-6361-B_shape_A_texture,images/cueconflict-test-6814-test-6361-B_shape_A_texture.png,horse-airplane,B_shape_A_texture,horse-airplane:B_shape_A_texture,airplane,horse,0,6,test-6814,test-6361,0.5324306127166607,0.1579714268445968,False
